,demand
0,663.0
1,640.0
2,615.0
3,595.0
4,599.0
5,613.0
6,628.0
7,640.0
8,640.0
9,684.0
10,720.0
11,738.0
12,747.0
13,759.0
14,766.0
15,817.0
16,840.0
17,843.0
18,833.0
19,817.0
20,795.0
21,735.0
22,669.0
23,614.0
24,575.0
25,555.0
26,550.0
27,557.0
28,600.0
29,700.0
30,827.0
31,917.0
32,961.0
33,992.0
34,997.0
35,973.0
36,992.0
37,993.0
38,1001.0
39,1055.0
40,1055.0
41,1042.0
42,1005.0
43,969.0
44,915.0
45,828.0
46,751.0
47,681.0
48,644.0
49,621.0
50,613.0
51,619.0
52,661.0
53,764.0
54,904.0
55,1022.0
56,1063.0
57,1081.0
58,1090.0
59,1069.0
60,1087.0
61,1083.0
62,1083.0
63,1120.0
64,1099.0
65,1076.0
66,1034.0
67,993.0
68,938.0
69,853.0
70,766.0
71,695.0
72,648.0
73,637.0
74,628.0
75,637.0
76,678.0
77,780.0
78,920.0
79,1047.0
80,1098.0
81,1107.0
82,1099.0
83,1071.0
84,1089.0
85,1095.0
86,1099.0
87,1141.0
88,1113.0
89,1092.0
90,1048.0
91,1011.0
92,957.0
93,864.0
94,785.0
95,708.0
96,659.0
97,640.0
98,632.0
99,646.0
100,681.0
101,788.0
102,920.0
103,1036.0
104,1078.0
105,1091.0
106,1091.0
107,1063.0
108,1091.0
109,1088.0
110,1102.0
111,1135.0
112,1131.0
113,1116.0
114,1042.0
115,998.0
116,935.0
117,851.0
118,777.0
119,704.0
120,654.0
121,627.0
122,613.0
123,613.0
124,638.0
125,678.0
126,745.0
127,806.0
128,844.0
129,893.0
130,918.0
131,924.0
132,923.0
133,919.0
134,920.0
135,966.0
136,1007.0
137,990.0
138,954.0
139,942.0
140,901.0
141,820.0
142,748.0
143,685.0
144,642.0
145,622.0
146,608.0
147,612.0
148,637.0
149,674.0
150,720.0
151,761.0
152,805.0
153,858.0
154,879.0
155,875.0
156,870.0
157,868.0
158,870.0
159,934.0
160,985.0
161,976.0
162,963.0
163,939.0
164,892.0
165,814.0
166,727.0
167,660.0
168,623.0
169,606.0
170,603.0
171,616.0
172,660.0
173,793.0
174,965.0
175,1076.0
176,1107.0
177,1115.0
178,1094.0
179,1061.0
180,1079.0
181,1080.0
182,1073.0
183,1113.0
184,1134.0
185,1107.0
186,1067.0
187,1029.0
188,961.0
189,866.0
190,772.0
191,694.0
192,657.0
193,637.0
194,631.0
195,642.0
196,688.0
197,813.0
198,979.0
199,1086.0
200,1110.0
201,1116.0
202,1102.0
203,1072.0
204,1100.0
205,1096.0
206,1095.0
207,1124.0
208,1119.0
209,1101.0
210,1059.0
211,1028.0
212,970.0
213,871.0
214,777.0
215,707.0
216,667.0
217,646.0
218,644.0
219,653.0
220,695.0
221,819.0
222,983.0
223,1100.0
224,1131.0
225,1136.0
226,1118.0
227,1087.0
228,1108.0
229,1104.0
230,1108.0
231,1142.0
232,1132.0
233,1108.0
234,1067.0
235,1038.0
236,983.0
237,883.0
238,797.0
239,728.0
240,692.0
241,672.0
242,667.0
243,680.0
244,724.0
245,851.0
246,1015.0
247,1126.0
248,1157.0
249,1164.0
250,1153.0
251,1120.0
252,1140.0
253,1134.0
254,1130.0
255,1152.0
256,1140.0
257,1120.0
258,1081.0
259,1054.0
260,994.0
261,895.0
262,810.0
263,736.0
264,694.0
265,676.0
266,673.0
267,681.0
268,723.0
269,847.0
270,1009.0
271,1114.0
272,1148.0
273,1140.0
274,1130.0
275,1098.0
276,1115.0
277,1107.0
278,1093.0
279,1112.0
280,1134.0
281,1118.0
282,1078.0
283,1040.0
284,991.0
285,912.0
286,840.0
287,765.0
288,723.0
289,706.0
290,690.0
291,696.0
292,718.0
293,762.0
294,830.0
295,894.0
296,965.0
297,1001.0
298,1008.0
299,995.0
300,984.0
301,977.0
302,970.0
303,1013.0
304,1054.0
305,1051.0
306,1026.0
307,997.0
308,953.0
309,881.0
310,812.0
311,752.0
312,706.0
313,684.0
314,682.0
315,683.0
316,702.0
317,739.0
318,792.0
319,852.0
320,896.0
321,949.0
322,973.0
323,969.0
324,967.0
325,966.0
326,971.0
327,1018.0
328,1072.0
329,1073.0
330,1052.0
331,1028.0
332,981.0
333,890.0
334,809.0
335,741.0
336,696.0
337,682.0
338,679.0
339,691.0
340,739.0
341,870.0
342,1038.0
343,1155.0
344,1201.0
345,1211.0
346,1200.0
347,1156.0
348,1178.0
349,1172.0
350,1164.0
351,1184.0
352,1202.0
353,1184.0
354,1138.0
355,1106.0
356,1047.0
357,942.0
358,854.0
359,778.0
360,734.0
361,717.0
362,709.0
363,721.0
364,770.0
365,893.0
366,1060.0
367,1171.0
368,1210.0
369,1205.0
370,1180.0
371,1144.0
372,1161.0
373,1152.0
374,1143.0
375,1173.0
376,1201.0
377,1190.0
378,1149.0
379,1099.0
380,1044.0
381,943.0
382,854.0
383,783.0
384,749.0
385,731.0
386,727.0
387,737.0
388,790.0
389,917.0
390,1077.0
391,1185.0
392,1219.0
393,1235.0
394,1221.0
395,1183.0
396,1201.0
397,1197.0
398,1187.0
399,1210.0
400,1214.0
401,1196.0
402,1156.0
403,1123.0
404,1070.0
405,973.0
406,879.0
407,797.0
408,749.0
409,737.0
410,733.0
411,743.0
412,787.0
413,912.0
414,1073.0
415,1179.0
416,1211.0
417,1209.0
418,1199.0
419,1161.0
420,1177.0
421,1175.0
422,1172.0
423,1187.0
424,1194.0
425,1172.0
426,1123.0
427,1081.0
428,1020.0
429,922.0
430,827.0
431,748.0
432,718.0
433,698.0
434,688.0
435,704.0
436,748.0
437,879.0
438,1032.0
439,1132.0
440,1161.0
441,1168.0
442,1149.0
443,1116.0
444,1134.0
445,1125.0
446,1118.0
447,1136.0
448,1155.0
449,1134.0
450,1085.0
451,1048.0
452,988.0
453,910.0
454,827.0
455,761.0
456,726.0
457,697.0
458,687.0
459,689.0
460,709.0
461,755.0
462,825.0
463,890.0
464,942.0
465,978.0
466,985.0
467,975.0
468,973.0
469,969.0
470,950.0
471,981.0
472,1037.0
473,1020.0
474,992.0
475,961.0
476,921.0
477,851.0
478,787.0
479,724.0
480,679.0
481,663.0
482,651.0
483,652.0
484,673.0
485,713.0
486,758.0
487,812.0
488,872.0
489,919.0
490,924.0
491,916.0
492,907.0
493,898.0
494,900.0
495,937.0
496,1014.0
497,1017.0
498,999.0
499,986.0
500,942.0
501,859.0
502,794.0
503,734.0
504,694.0
505,686.0
506,683.0
507,692.0
508,741.0
509,874.0
510,1038.0
511,1142.0
512,1189.0
513,1191.0
514,1177.0
515,1139.0
516,1158.0
517,1159.0
518,1147.0
519,1151.0
520,1174.0
521,1158.0
522,1116.0
523,1074.0
524,1022.0
525,936.0
526,844.0
527,765.0
528,742.0
529,718.0
530,701.0
531,721.0
532,769.0
533,892.0
534,1046.0
535,1157.0
536,1191.0
537,1196.0
538,1177.0
539,1145.0
540,1161.0
541,1172.0
542,1157.0
543,1170.0
544,1196.0
545,1185.0
546,1144.0
547,1103.0
548,1045.0
549,958.0
550,855.0
551,782.0
552,739.0
553,722.0
554,720.0
555,735.0
556,779.0
557,909.0
558,1070.0
559,1185.0
560,1233.0
561,1243.0
562,1229.0
563,1194.0
564,1212.0
565,1200.0
566,1185.0
567,1181.0
568,1189.0
569,1168.0
570,1126.0
571,1087.0
572,1025.0
573,928.0
574,835.0
575,765.0
576,725.0
577,702.0
578,692.0
579,703.0
580,750.0
581,870.0
582,1019.0
583,1122.0
584,1160.0
585,1163.0
586,1161.0
587,1129.0
588,1148.0
589,1141.0
590,1124.0
591,1135.0
592,1143.0
593,1124.0
594,1080.0
595,1047.0
596,978.0
597,888.0
598,800.0
599,736.0
600,704.0
601,686.0
602,671.0
603,679.0
604,724.0
605,855.0
606,1005.0
607,1109.0
608,1146.0
609,1160.0
610,1150.0
611,1121.0
612,1138.0
613,1126.0
614,1109.0
615,1108.0
616,1125.0
617,1110.0
618,1066.0
619,1037.0
620,977.0
621,887.0
622,808.0
623,740.0
624,700.0
625,680.0
626,675.0
627,679.0
628,699.0
629,748.0
630,813.0
631,871.0
632,924.0
633,958.0
634,968.0
635,958.0
636,941.0
637,929.0
638,915.0
639,934.0
640,997.0
641,998.0
642,970.0
643,943.0
644,901.0
645,843.0
646,781.0
647,723.0
648,691.0
649,667.0
650,653.0
651,654.0
652,669.0
653,700.0
654,746.0
655,791.0
656,859.0
657,907.0
658,930.0
659,929.0
660,928.0
661,926.0
662,923.0
663,949.0
664,1005.0
665,1004.0
666,984.0
667,963.0
668,909.0
669,835.0
670,763.0
671,705.0
672,667.0
673,650.0
674,647.0
675,654.0
676,695.0
677,817.0
678,969.0
679,1073.0
680,1117.0
681,1123.0
682,1105.0
683,1076.0
684,1098.0
685,1093.0
686,1088.0
687,1091.0
688,1118.0
689,1106.0
690,1070.0
691,1021.0
692,952.0
693,868.0
694,784.0
695,725.0
696,688.0
697,660.0
698,655.0
699,661.0
700,699.0
701,832.0
702,981.0
703,1076.0
704,1130.0
705,1135.0
706,1122.0
707,1091.0
708,1102.0
709,1093.0
710,1085.0
711,1085.0
712,1115.0
713,1110.0
714,1068.0
715,1029.0
716,967.0
717,881.0
718,799.0
719,731.0
720,696.0
721,674.0
722,664.0
723,678.0
724,726.0
725,845.0
726,995.0
727,1076.0
728,1122.0
729,1121.0
730,1107.0
731,1070.0
732,1087.0
733,1084.0
734,1081.0
735,1083.0
736,1118.0
737,1116.0
738,1077.0
739,1034.0
740,973.0
741,882.0
742,794.0
743,730.0
744,694.0
745,675.0
746,670.0
747,682.0
748,732.0
749,853.0
750,1014.0
751,1120.0
752,1158.0
753,1159.0
754,1149.0
755,1116.0
756,1123.0
757,1111.0
758,1101.0
759,1095.0
760,1121.0
761,1117.0
762,1076.0
763,1034.0
764,972.0
765,888.0
766,806.0
767,736.0
768,696.0
769,679.0
770,670.0
771,683.0
772,727.0
773,846.0
774,1002.0
775,1098.0
776,1147.0
777,1143.0
778,1120.0
779,1077.0
780,1087.0
781,1072.0
782,1053.0
783,1054.0
784,1103.0
785,1101.0
786,1058.0
787,1027.0
788,961.0
789,880.0
790,801.0
791,733.0
792,694.0
793,675.0
794,662.0
795,665.0
796,686.0
797,729.0
798,790.0
799,847.0
800,913.0
801,951.0
802,954.0
803,942.0
804,942.0
805,938.0
806,931.0
807,939.0
808,995.0
809,1010.0
810,984.0
811,950.0
812,896.0
813,829.0
814,766.0
815,706.0
816,672.0
817,651.0
818,637.0
819,636.0
820,653.0
821,688.0
822,742.0
823,780.0
824,857.0
825,902.0
826,921.0
827,919.0
828,919.0
829,915.0
830,908.0
831,913.0
832,986.0
833,1027.0
834,1013.0
835,994.0
836,947.0
837,872.0
838,794.0
839,729.0
840,702.0
841,683.0
842,679.0
843,686.0
844,737.0
845,861.0
846,1021.0
847,1116.0
848,1169.0
849,1167.0
850,1156.0
851,1108.0
852,1131.0
853,1123.0
854,1119.0
855,1110.0
856,1138.0
857,1148.0
858,1106.0
859,1073.0
860,1015.0
861,928.0
862,846.0
863,771.0
864,732.0
865,719.0
866,714.0
867,731.0
868,783.0
869,907.0
870,1054.0
871,1135.0
872,1164.0
873,1174.0
874,1148.0
875,1103.0
876,1120.0
877,1114.0
878,1112.0
879,1102.0
880,1130.0
881,1150.0
882,1110.0
883,1075.0
884,1008.0
885,914.0
886,822.0
887,758.0
888,721.0
889,702.0
890,696.0
891,708.0
892,758.0
893,885.0
894,1030.0
895,1121.0
896,1169.0
897,1172.0
898,1154.0
899,1124.0
900,1133.0
901,1124.0
902,1110.0
903,1095.0
904,1121.0
905,1155.0
906,1118.0
907,1076.0
908,1022.0
909,930.0
910,841.0
911,777.0
912,737.0
913,718.0
914,716.0
915,729.0
916,780.0
917,903.0
918,1055.0
919,1159.0
920,1210.0
921,1210.0
922,1192.0
923,1150.0
924,1161.0
925,1152.0
926,1143.0
927,1136.0
928,1150.0
929,1169.0
930,1124.0
931,1086.0
932,1023.0
933,929.0
934,841.0
935,765.0
936,729.0
937,711.0
938,706.0
939,716.0
940,764.0
941,890.0
942,1039.0
943,1139.0
944,1193.0
945,1189.0
946,1168.0
947,1138.0
948,1140.0
949,1130.0
950,1106.0
951,1094.0
952,1114.0
953,1146.0
954,1111.0
955,1076.0
956,1019.0
957,942.0
958,872.0
959,797.0
960,754.0
961,737.0
962,726.0
963,727.0
964,752.0
965,798.0
966,856.0
967,912.0
968,982.0
969,1019.0
970,1019.0
971,1005.0
972,995.0
973,980.0
974,968.0
975,966.0
976,1010.0
977,1039.0
978,1019.0
979,988.0
980,941.0
981,875.0
982,817.0
983,759.0
984,725.0
985,703.0
986,694.0
987,693.0
988,713.0
989,755.0
990,791.0
991,839.0
992,908.0
993,947.0
994,955.0
995,950.0
996,947.0
997,940.0
998,935.0
999,940.0
1000,998.0
1001,1044.0
1002,1032.0
1003,1012.0
1004,955.0
1005,866.0
1006,787.0
1007,727.0
1008,695.0
1009,684.0
1010,674.0
1011,688.0
1012,740.0
1013,867.0
1014,1009.0
1015,1099.0
1016,1155.0
1017,1156.0
1018,1143.0
1019,1119.0
1020,1137.0
1021,1131.0
1022,1121.0
1023,1105.0
1024,1113.0
1025,1139.0
1026,1098.0
1027,1052.0
1028,988.0
1029,899.0
1030,808.0
1031,737.0
1032,695.0
1033,682.0
1034,670.0
1035,682.0
1036,730.0
1037,862.0
1038,1004.0
1039,1097.0
1040,1153.0
1041,1146.0
1042,1134.0
1043,1105.0
1044,1108.0
1045,1096.0
1046,1092.0
1047,1079.0
1048,1097.0
1049,1148.0
1050,1102.0
1051,1056.0
1052,994.0
1053,901.0
1054,806.0
1055,738.0
1056,703.0
1057,685.0
1058,678.0
1059,681.0
1060,729.0
1061,865.0
1062,1006.0
1063,1104.0
1064,1146.0
1065,1143.0
1066,1121.0
1067,1081.0
1068,1088.0
1069,1075.0
1070,1066.0
1071,1063.0
1072,1064.0
1073,1112.0
1074,1083.0
1075,1052.0
1076,989.0
1077,899.0
1078,811.0
1079,748.0
1080,710.0
1081,697.0
1082,693.0
1083,708.0
1084,760.0
1085,887.0
1086,1026.0
1087,1117.0
1088,1173.0
1089,1170.0
1090,1144.0
1091,1099.0
1092,1115.0
1093,1109.0
1094,1100.0
1095,1090.0
1096,1095.0
1097,1140.0
1098,1105.0
1099,1067.0
1100,1004.0
1101,905.0
1102,865.0
1103,743.0
1104,705.0
1105,690.0
1106,684.0
1107,700.0
1108,747.0
1109,877.0
1110,1013.0
1111,1107.0
1112,1153.0
1113,1155.0
1114,1142.0
1115,1110.0
1116,1125.0
1117,1114.0
1118,1094.0
1119,1085.0
1120,1092.0
1121,1125.0
1122,1092.0
1123,1048.0
1124,985.0
1125,896.0
1126,810.0
1127,742.0
1128,704.0
1129,689.0
1130,679.0
1131,681.0
1132,703.0
1133,753.0
1134,800.0
1135,870.0
1136,941.0
1137,967.0
1138,963.0
1139,952.0
1140,947.0
1141,938.0
1142,925.0
1143,926.0
1144,960.0
1145,1015.0
1146,992.0
1147,972.0
1148,923.0
1149,844.0
1150,778.0
1151,718.0
1152,683.0
1153,670.0
1154,660.0
1155,663.0
1156,685.0
1157,723.0
1158,759.0
1159,817.0
1160,881.0
1161,915.0
1162,921.0
1163,916.0
1164,908.0
1165,900.0
1166,900.0
1167,907.0
1168,948.0
1169,1014.0
1170,1004.0
1171,982.0
1172,938.0
1173,854.0
1174,785.0
1175,726.0
1176,693.0
1177,685.0
1178,681.0
1179,693.0
1180,742.0
1181,874.0
1182,1008.0
1183,1107.0
1184,1164.0
1185,1164.0
1186,1138.0
1187,1098.0
1188,1116.0
1189,1116.0
1190,1105.0
1191,1095.0
1192,1093.0
1193,1144.0
1194,1105.0
1195,1064.0
1196,999.0
1197,899.0
1198,809.0
1199,740.0
1200,703.0
1201,690.0
1202,684.0
1203,701.0
1204,752.0
1205,881.0
1206,1025.0
1207,1133.0
1208,1176.0
1209,1163.0
1210,1141.0
1211,1107.0
1212,1124.0
1213,1113.0
1214,1106.0
1215,1096.0
1216,1098.0
1217,1156.0
1218,1128.0
1219,1084.0
1220,1032.0
1221,936.0
1222,855.0
1223,792.0
1224,765.0
1225,752.0
1226,752.0
1227,765.0
1228,810.0
1229,941.0
1230,1070.0
1231,1179.0
1232,1218.0
1233,1201.0
1234,1160.0
1235,1112.0
1236,1123.0
1237,1114.0
1238,1102.0
1239,1092.0
1240,1087.0
1241,1156.0
1242,1139.0
1243,1103.0
1244,1049.0
1245,958.0
1246,872.0
1247,808.0
1248,781.0
1249,772.0
1250,775.0
1251,787.0
1252,833.0
1253,963.0
1254,1090.0
1255,1186.0
1256,1234.0
1257,1225.0
1258,1182.0
1259,1131.0
1260,1139.0
1261,1123.0
1262,1108.0
1263,1095.0
1264,1091.0
1265,1166.0
1266,1146.0
1267,1100.0
1268,1049.0
1269,963.0
1270,876.0
1271,809.0
1272,779.0
1273,764.0
1274,760.0
1275,773.0
1276,826.0
1277,955.0
1278,1079.0
1279,1190.0
1280,1252.0
1281,1225.0
1282,1193.0
1283,1146.0
1284,1150.0
1285,1145.0
1286,1132.0
1287,1130.0
1288,1121.0
1289,1160.0
1290,1132.0
1291,1092.0
1292,1027.0
1293,949.0
1294,867.0
1295,800.0
1296,761.0
1297,742.0
1298,738.0
1299,748.0
1300,776.0
1301,828.0
1302,878.0
1303,965.0
1304,1023.0
1305,1039.0
1306,1030.0
1307,1012.0
1308,1004.0
1309,992.0
1310,976.0
1311,971.0
1312,990.0
1313,1058.0
1314,1052.0
1315,1033.0
1316,984.0
1317,912.0
1318,849.0
1319,795.0
1320,765.0
1321,751.0
1322,746.0
1323,746.0
1324,771.0
1325,817.0
1326,856.0
1327,939.0
1328,997.0
1329,999.0
1330,988.0
1331,982.0
1332,975.0
1333,965.0
1334,965.0
1335,957.0
1336,981.0
1337,1068.0
1338,1074.0
1339,1054.0
1340,1006.0
1341,924.0
1342,856.0
1343,797.0
1344,768.0
1345,765.0
1346,778.0
1347,785.0
1348,822.0
1349,947.0
1350,1058.0
1351,1170.0
1352,1216.0
1353,1204.0
1354,1175.0
1355,1139.0
1356,1154.0
1357,1153.0
1358,1142.0
1359,1126.0
1360,1116.0
1361,1174.0
1362,1164.0
1363,1125.0
1364,1053.0
1365,956.0
1366,871.0
1367,800.0
1368,771.0
1369,760.0
1370,754.0
1371,770.0
1372,818.0
1373,944.0
1374,1053.0
1375,1162.0
1376,1209.0
1377,1205.0
1378,1186.0
1379,1144.0
1380,1157.0
1381,1151.0
1382,1135.0
1383,1120.0
1384,1109.0
1385,1181.0
1386,1180.0
1387,1130.0
1388,1061.0
1389,965.0
1390,880.0
1391,822.0
1392,782.0
1393,774.0
1394,766.0
1395,783.0
1396,829.0
1397,960.0
1398,1079.0
1399,1190.0
1400,1245.0
1401,1237.0
1402,1214.0
1403,1181.0
1404,1184.0
1405,1185.0
1406,1172.0
1407,1157.0
1408,1143.0
1409,1207.0
1410,1192.0
1411,1149.0
1412,1078.0
1413,985.0
1414,892.0
1415,828.0
1416,787.0
1417,774.0
1418,765.0
1419,776.0
1420,826.0
1421,959.0
1422,1077.0
1423,1183.0
1424,1226.0
1425,1224.0
1426,1205.0
1427,1172.0
1428,1187.0
1429,1175.0
1430,1163.0
1431,1160.0
1432,1147.0
1433,1203.0
1434,1180.0
1435,1131.0
1436,1066.0
1437,973.0
1438,881.0
1439,811.0
1440,774.0
1441,754.0
1442,747.0
1443,762.0
1444,813.0
1445,931.0
1446,1039.0
1447,1147.0
1448,1189.0
1449,1175.0
1450,1152.0
1451,1124.0
1452,1126.0
1453,1115.0
1454,1097.0
1455,1085.0
1456,1073.0
1457,1130.0
1458,1123.0
1459,1085.0
1460,1024.0
1461,936.0
1462,855.0
1463,788.0
1464,752.0
1465,735.0
1466,729.0
1467,736.0
1468,764.0
1469,813.0
1470,866.0
1471,957.0
1472,1008.0
1473,1004.0
1474,987.0
1475,969.0
1476,961.0
1477,948.0
1478,936.0
1479,935.0
1480,943.0
1481,1013.0
1482,1032.0
1483,1005.0
1484,957.0
1485,884.0
1486,823.0
1487,769.0
1488,736.0
1489,721.0
1490,715.0
1491,723.0
1492,747.0
1493,780.0
1494,814.0
1495,896.0
1496,951.0
1497,963.0
1498,954.0
1499,937.0
1500,923.0
1501,913.0
1502,905.0
1503,912.0
1504,929.0
1505,1004.0
1506,1028.0
1507,1014.0
1508,953.0
1509,869.0
1510,796.0
1511,741.0
1512,717.0
1513,706.0
1514,706.0
1515,725.0
1516,777.0
1517,906.0
1518,1033.0
1519,1154.0
1520,1196.0
1521,1171.0
1522,1139.0
1523,1104.0
1524,1114.0
1525,1099.0
1526,1082.0
1527,1068.0
1528,1051.0
1529,1108.0
1530,1106.0
1531,1067.0
1532,1001.0
1533,911.0
1534,822.0
1535,759.0
1536,723.0
1537,704.0
1538,701.0
1539,713.0
1540,757.0
1541,878.0
1542,987.0
1543,1102.0
1544,1145.0
1545,1136.0
1546,1116.0
1547,1078.0
1548,1090.0
1549,1078.0
1550,1063.0
1551,1044.0
1552,1029.0
1553,1086.0
1554,1091.0
1555,1059.0
1556,998.0
1557,908.0
1558,824.0
1559,760.0
1560,729.0
1561,710.0
1562,708.0
1563,721.0
1564,768.0
1565,890.0
1566,1011.0
1567,1117.0
1568,1166.0
1569,1155.0
1570,1122.0
1571,1092.0
1572,1100.0
1573,1093.0
1574,1087.0
1575,1079.0
1576,1059.0
1577,1111.0
1578,1102.0
1579,1070.0
1580,1008.0
1581,921.0
1582,840.0
1583,772.0
1584,734.0
1585,716.0
1586,707.0
1587,715.0
1588,764.0
1589,884.0
1590,998.0
1591,1098.0
1592,1150.0
1593,1146.0
1594,1133.0
1595,1097.0
1596,1112.0
1597,1104.0
1598,1089.0
1599,1081.0
1600,1056.0
1601,1092.0
1602,1088.0
1603,1052.0
1604,990.0
1605,902.0
1606,816.0
1607,755.0
1608,713.0
1609,691.0
1610,683.0
1611,700.0
1612,746.0
1613,855.0
1614,967.0
1615,1079.0
1616,1126.0
1617,1126.0
1618,1105.0
1619,1074.0
1620,1092.0
1621,1076.0
1622,1068.0
1623,1051.0
1624,1030.0
1625,1068.0
1626,1067.0
1627,1031.0
1628,967.0
1629,887.0
1630,813.0
1631,744.0
1632,697.0
1633,678.0
1634,668.0
1635,670.0
1636,690.0
1637,730.0
1638,777.0
1639,859.0
1640,922.0
1641,952.0
1642,951.0
1643,938.0
1644,938.0
1645,927.0
1646,918.0
1647,912.0
1648,910.0
1649,951.0
1650,971.0
1651,946.0
1652,895.0
1653,834.0
1654,772.0
1655,713.0
1656,682.0
1657,663.0
1658,657.0
1659,656.0
1660,679.0
1661,697.0
1662,731.0
1663,805.0
1664,864.0
1665,888.0
1666,887.0
1667,879.0
1668,868.0
1669,868.0
1670,864.0
1671,870.0
1672,881.0
1673,939.0
1674,969.0
1675,949.0
1676,896.0
1677,820.0
1678,749.0
1679,685.0
1680,659.0
1681,644.0
1682,641.0
1683,652.0
1684,695.0
1685,798.0
1686,901.0
1687,1029.0
1688,1092.0
1689,1097.0
1690,1079.0
1691,1043.0
1692,1053.0
1693,1034.0
1694,1024.0
1695,1013.0
1696,990.0
1697,1034.0
1698,1036.0
1699,1005.0
1700,945.0
1701,856.0
1702,766.0
1703,705.0
1704,670.0
1705,650.0
1706,640.0
1707,650.0
1708,687.0
1709,792.0
1710,903.0
1711,1029.0
1712,1086.0
1713,1097.0
1714,1099.0
1715,1068.0
1716,1086.0
1717,1083.0
1718,1067.0
1719,1051.0
1720,1019.0
1721,1036.0
1722,1039.0
1723,1000.0
1724,956.0
1725,840.0
1726,755.0
1727,694.0
1728,661.0
1729,649.0
1730,647.0
1731,660.0
1732,703.0
1733,799.0
1734,924.0
1735,1044.0
1736,1096.0
1737,1099.0
1738,1090.0
1739,1066.0
1740,1098.0
1741,1089.0
1742,1080.0
1743,1056.0
1744,1030.0
1745,1058.0
1746,1063.0
1747,1032.0
1748,973.0
1749,879.0
1750,793.0
1751,722.0
1752,683.0
1753,668.0
1754,657.0
1755,671.0
1756,716.0
1757,812.0
1758,932.0
1759,1051.0
1760,1104.0
1761,1100.0
1762,1087.0
1763,1057.0
1764,1072.0
1765,1056.0
1766,1052.0
1767,1037.0
1768,1015.0
1769,1049.0
1770,1080.0
1771,1051.0
1772,985.0
1773,902.0
1774,820.0
1775,751.0
1776,716.0
1777,696.0
1778,691.0
1779,707.0
1780,753.0
1781,842.0
1782,958.0
1783,1067.0
1784,1109.0
1785,1120.0
1786,1116.0
1787,1080.0
1788,1096.0
1789,1083.0
1790,1065.0
1791,1044.0
1792,1023.0
1793,1048.0
1794,1088.0
1795,1061.0
1796,994.0
1797,906.0
1798,832.0
1799,766.0
1800,723.0
1801,709.0
1802,702.0
1803,706.0
1804,730.0
1805,754.0
1806,813.0
1807,892.0
1808,939.0
1809,954.0
1810,956.0
1811,947.0
1812,941.0
1813,933.0
1814,918.0
1815,912.0
1816,913.0
1817,940.0
1818,996.0
1819,980.0
1820,928.0
1821,857.0
1822,795.0
1823,744.0
1824,714.0
1825,696.0
1826,691.0
1827,698.0
1828,718.0
1829,718.0
1830,768.0
1831,835.0
1832,889.0
1833,907.0
1834,903.0
1835,888.0
1836,876.0
1837,873.0
1838,865.0
1839,865.0
1840,873.0
1841,909.0
1842,987.0
1843,988.0
1844,935.0
1845,853.0
1846,772.0
1847,711.0
1848,686.0
1849,673.0
1850,670.0
1851,675.0
1852,713.0
1853,820.0
1854,951.0
1855,1063.0
1856,1107.0
1857,1097.0
1858,1090.0
1859,1056.0
1860,1073.0
1861,1067.0
1862,1054.0
1863,1040.0
1864,1014.0
1865,1035.0
1866,1068.0
1867,1032.0
1868,970.0
1869,873.0
1870,789.0
1871,725.0
1872,693.0
1873,680.0
1874,678.0
1875,691.0
1876,727.0
1877,833.0
1878,968.0
1879,1081.0
1880,1124.0
1881,1115.0
1882,1091.0
1883,1050.0
1884,1063.0
1885,1058.0
1886,1051.0
1887,1042.0
1888,1015.0
1889,1032.0
1890,1055.0
1891,1038.0
1892,971.0
1893,873.0
1894,786.0
1895,725.0
1896,699.0
1897,683.0
1898,675.0
1899,683.0
1900,733.0
1901,837.0
1902,968.0
1903,1080.0
1904,1123.0
1905,1114.0
1906,1095.0
1907,1060.0
1908,1073.0
1909,1065.0
1910,1047.0
1911,1046.0
1912,1013.0
1913,1029.0
1914,1076.0
1915,1040.0
1916,977.0
1917,882.0
1918,789.0
1919,721.0
1920,692.0
1921,673.0
1922,669.0
1923,681.0
1924,725.0
1925,816.0
1926,950.0
1927,1071.0
1928,1116.0
1929,1113.0
1930,1100.0
1931,1071.0
1932,1096.0
1933,1089.0
1934,1075.0
1935,1053.0
1936,1023.0
1937,1041.0
1938,1068.0
1939,1033.0
1940,965.0
1941,870.0
1942,790.0
1943,724.0
1944,690.0
1945,674.0
1946,666.0
1947,678.0
1948,718.0
1949,802.0
1950,932.0
1951,1036.0
1952,1078.0
1953,1077.0
1954,1051.0
1955,1019.0
1956,1040.0
1957,1027.0
1958,999.0
1959,975.0
1960,950.0
1961,963.0
1962,1019.0
1963,1003.0
1964,943.0
1965,863.0
1966,792.0
1967,730.0
1968,691.0
1969,673.0
1970,665.0
1971,668.0
1972,691.0
1973,712.0
1974,787.0
1975,868.0
1976,914.0
1977,925.0
1978,915.0
1979,900.0
1980,883.0
1981,870.0
1982,857.0
1983,859.0
1984,860.0
1985,876.0
1986,934.0
1987,922.0
1988,880.0
1989,812.0
1990,746.0
1991,685.0
1992,654.0
1993,642.0
1994,638.0
1995,652.0
1996,678.0
1997,690.0
1998,749.0
1999,826.0
2000,865.0
2001,872.0
2002,873.0
2003,873.0
2004,866.0
2005,857.0
2006,852.0
2007,854.0
2008,865.0
2009,888.0
2010,946.0
2011,920.0
2012,841.0
2013,757.0
2014,685.0
2015,648.0
2016,632.0
2017,627.0
2018,643.0
2019,685.0
2020,807.0
2021,916.0
2022,1030.0
2023,1081.0
2024,1078.0
2025,1064.0
2026,1031.0
2027,1056.0
2028,1058.0
2029,1047.0
2030,1037.0
2031,1002.0
2032,996.0
2033,988.0
2034,1017.0
2035,978.0
2036,887.0
2037,798.0
2038,726.0
2039,688.0
2040,673.0
2041,666.0
2042,674.0
2043,719.0
2044,838.0
2045,944.0
2046,1056.0
2047,1104.0
2048,1089.0
2049,1070.0
2050,1034.0
2051,1054.0
2052,1044.0
2053,1028.0
2054,994.0
2055,966.0
2056,961.0
2057,954.0
2058,1019.0
2059,999.0
2060,911.0
2061,820.0
2062,740.0
2063,698.0
2064,686.0
2065,677.0
2066,689.0
2067,734.0
2068,848.0
2069,949.0
2070,1054.0
2071,1107.0
2072,1098.0
2073,1076.0
2074,1036.0
2075,1058.0
2076,1042.0
2077,1021.0
2078,990.0
2079,961.0
2080,951.0
2081,943.0
2082,1011.0
2083,988.0
2084,892.0
2085,795.0
2086,728.0
2087,698.0
2088,680.0
2089,670.0
2090,681.0
2091,727.0
2092,839.0
2093,947.0
2094,1062.0
2095,1101.0
2096,1089.0
2097,1065.0
2098,1030.0
2099,1030.0
2100,1009.0
2101,981.0
2102,957.0
2103,938.0
2104,934.0
2105,924.0
2106,969.0
2107,941.0
2108,853.0
2109,772.0
2110,706.0
2111,666.0
2112,650.0
2113,640.0
2114,643.0
2115,673.0
2116,716.0
2117,758.0
2118,851.0
2119,914.0
2120,946.0
2121,953.0
2122,941.0
2123,933.0
2124,925.0
2125,914.0
2126,908.0
2127,894.0
2128,891.0
2129,890.0
2130,935.0
2131,916.0
2132,841.0
2133,762.0
2134,692.0
2135,654.0
2136,638.0
2137,631.0
2138,632.0
2139,645.0
2140,673.0
2141,698.0
2142,777.0
2143,847.0
2144,880.0
2145,886.0
2146,879.0
2147,876.0
2148,868.0
2149,858.0
2150,852.0
2151,852.0
2152,853.0
2153,856.0
2154,906.0
2155,881.0
2156,821.0
2157,745.0
2158,681.0
2159,637.0
2160,618.0
2161,607.0
2162,608.0
2163,623.0
2164,646.0
2165,665.0
2166,737.0
2167,799.0
2168,830.0
2169,830.0
2170,827.0
2171,818.0
2172,816.0
2173,808.0
2174,813.0
2175,824.0
2176,836.0
2177,859.0
2178,893.0
2179,865.0
2180,799.0
2181,735.0
2182,676.0
2183,640.0
2184,626.0
2185,622.0
2186,629.0
2187,654.0
2188,679.0
2189,691.0
2190,775.0
2191,841.0
2192,877.0
2193,890.0
2194,879.0
2195,874.0
2196,868.0
2197,863.0
2198,858.0
2199,853.0
2200,855.0
2201,872.0
2202,909.0
2203,896.0
2204,809.0
2205,723.0
2206,664.0
2207,634.0
2208,622.0
2209,618.0
2210,631.0
2211,674.0
2212,781.0
2213,898.0
2214,1008.0
2215,1060.0
2216,1062.0
2217,1047.0
2218,1010.0
2219,1022.0
2220,1011.0
2221,987.0
2222,973.0
2223,945.0
2224,938.0
2225,934.0
2226,972.0
2227,947.0
2228,853.0
2229,753.0
2230,689.0
2231,651.0
2232,632.0
2233,628.0
2234,636.0
2235,673.0
2236,782.0
2237,909.0
2238,1021.0
2239,1080.0
2240,1086.0
2241,1069.0
2242,1031.0
2243,1048.0
2244,1029.0
2245,1012.0
2246,989.0
2247,953.0
2248,938.0
2249,926.0
2250,971.0
2251,952.0
2252,859.0
2253,771.0
2254,692.0
2255,655.0
2256,636.0
2257,625.0
2258,632.0
2259,673.0
2260,771.0
2261,885.0
2262,1003.0
2263,1044.0
2264,1040.0
2265,1027.0
2266,1000.0
2267,1021.0
2268,1008.0
2269,994.0
2270,979.0
2271,955.0
2272,953.0
2273,941.0
2274,965.0
2275,944.0
2276,853.0
2277,759.0
2278,683.0
2279,648.0
2280,628.0
2281,619.0
2282,625.0
2283,669.0
2284,767.0
2285,892.0
2286,1015.0
2287,1077.0
2288,1078.0
2289,1063.0
2290,1021.0
2291,1036.0
2292,1034.0
2293,1007.0
2294,998.0
2295,979.0
2296,969.0
2297,941.0
2298,963.0
2299,943.0
2300,850.0
2301,765.0
2302,707.0
2303,670.0
2304,642.0
2305,630.0
2306,631.0
2307,648.0
2308,666.0
2309,730.0
2310,819.0
2311,873.0
2312,879.0
2313,871.0
2314,854.0
2315,845.0
2316,825.0
2317,808.0
2318,796.0
2319,791.0
2320,789.0
2321,793.0
2322,839.0
2323,859.0
2324,794.0
2325,725.0
2326,660.0
2327,618.0
2328,600.0
2329,587.0
2330,587.0
2331,609.0
2332,614.0
2333,651.0
2334,730.0
2335,789.0
2336,804.0
2337,793.0
2338,777.0
2339,761.0
2340,749.0
2341,750.0
2342,749.0
2343,754.0
2344,759.0
2345,776.0
2346,825.0
2347,858.0
2348,781.0
2349,694.0
2350,635.0
2351,603.0
2352,587.0
2353,583.0
2354,590.0
2355,630.0
2356,724.0
2357,845.0
2358,963.0
2359,1008.0
2360,1015.0
2361,996.0
2362,961.0
2363,974.0
2364,960.0
2365,938.0
2366,926.0
2367,889.0
2368,871.0
2369,859.0
2370,886.0
2371,894.0
2372,804.0
2373,721.0
2374,659.0
2375,630.0
2376,610.0
2377,602.0
2378,607.0
2379,649.0
2380,739.0
2381,862.0
2382,981.0
2383,1026.0
2384,1026.0
2385,1022.0
2386,994.0
2387,1016.0
2388,1001.0
2389,981.0
2390,960.0
2391,922.0
2392,911.0
2393,884.0
2394,907.0
2395,921.0
2396,831.0
2397,739.0
2398,669.0
2399,637.0
2400,628.0
2401,620.0
2402,631.0
2403,673.0
2404,765.0
2405,894.0
2406,1001.0
2407,1039.0
2408,1033.0
2409,1009.0
2410,977.0
2411,987.0
2412,974.0
2413,946.0
2414,924.0
2415,895.0
2416,887.0
2417,866.0
2418,890.0
2419,917.0
2420,833.0
2421,744.0
2422,662.0
2423,629.0
2424,626.0
2425,618.0
2426,629.0
2427,670.0
2428,762.0
2429,891.0
2430,989.0
2431,1031.0
2432,1015.0
2433,986.0
2434,953.0
2435,975.0
2436,958.0
2437,941.0
2438,922.0
2439,891.0
2440,880.0
2441,869.0
2442,891.0
2443,913.0
2444,828.0
2445,739.0
2446,665.0
2447,631.0
2448,619.0
2449,610.0
2450,618.0
2451,659.0
2452,744.0
2453,869.0
2454,972.0
2455,1010.0
2456,996.0
2457,983.0
2458,944.0
2459,963.0
2460,954.0
2461,933.0
2462,905.0
2463,879.0
2464,863.0
2465,842.0
2466,854.0
2467,877.0
2468,803.0
2469,716.0
2470,650.0
2471,615.0
2472,598.0
2473,592.0
2474,598.0
2475,613.0
2476,627.0
2477,697.0
2478,788.0
2479,841.0
2480,847.0
2481,839.0
2482,813.0
2483,805.0
2484,793.0
2485,778.0
2486,774.0
2487,777.0
2488,773.0
2489,769.0
2490,795.0
2491,819.0
2492,758.0
2493,687.0
2494,631.0
2495,602.0
2496,586.0
2497,580.0
2498,580.0
2499,591.0
2500,590.0
2501,643.0
2502,718.0
2503,779.0
2504,795.0
2505,791.0
2506,774.0
2507,768.0
2508,771.0
2509,757.0
2510,758.0
2511,759.0
2512,763.0
2513,770.0
2514,801.0
2515,836.0
2516,758.0
2517,679.0
2518,615.0
2519,583.0
2520,571.0
2521,565.0
2522,567.0
2523,600.0
2524,687.0
2525,821.0
2526,932.0
2527,996.0
2528,1006.0
2529,986.0
2530,949.0
2531,963.0
2532,954.0
2533,936.0
2534,913.0
2535,879.0
2536,868.0
2537,862.0
2538,889.0
2539,886.0
2540,803.0
2541,709.0
2542,636.0
2543,612.0
2544,603.0
2545,590.0
2546,600.0
2547,641.0
2548,735.0
2549,877.0
2550,993.0
2551,1041.0
2552,1048.0
2553,1037.0
2554,1004.0
2555,1018.0
2556,1008.0
2557,985.0
2558,964.0
2559,911.0
2560,888.0
2561,867.0
2562,879.0
2563,901.0
2564,819.0
2565,719.0
2566,653.0
2567,617.0
2568,601.0
2569,593.0
2570,601.0
2571,630.0
2572,716.0
2573,855.0
2574,964.0
2575,1009.0
2576,1008.0
2577,990.0
2578,955.0
2579,971.0
2580,963.0
2581,937.0
2582,918.0
2583,887.0
2584,886.0
2585,875.0
2586,882.0
2587,890.0
2588,807.0
2589,711.0
2590,635.0
2591,607.0
2592,589.0
2593,589.0
2594,599.0
2595,634.0
2596,720.0
2597,855.0
2598,969.0
2599,1007.0
2600,1008.0
2601,1000.0
2602,960.0
2603,982.0
2604,966.0
2605,949.0
2606,919.0
2607,883.0
2608,880.0
2609,863.0
2610,874.0
2611,901.0
2612,824.0
2613,727.0
2614,653.0
2615,611.0
2616,597.0
2617,596.0
2618,599.0
2619,630.0
2620,728.0
2621,864.0
2622,970.0
2623,1006.0
2624,998.0
2625,976.0
2626,943.0
2627,955.0
2628,935.0
2629,914.0
2630,894.0
2631,870.0
2632,857.0
2633,831.0
2634,838.0
2635,866.0
2636,797.0
2637,708.0
2638,635.0
2639,594.0
2640,583.0
2641,570.0
2642,575.0
2643,597.0
2644,653.0
2645,748.0
2646,850.0
2647,896.0
2648,901.0
2649,899.0
2650,880.0
2651,873.0
2652,859.0
2653,833.0
2654,815.0
2655,797.0
2656,789.0
2657,777.0
2658,778.0
2659,807.0
2660,753.0
2661,679.0
2662,614.0
2663,571.0
2664,554.0
2665,547.0
2666,557.0
2667,559.0
2668,566.0
2669,621.0
2670,699.0
2671,771.0
2672,790.0
2673,792.0
2674,785.0
2675,771.0
2676,764.0
2677,751.0
2678,744.0
2679,751.0
2680,760.0
2681,764.0
2682,788.0
2683,824.0
2684,760.0
2685,667.0
2686,605.0
2687,573.0
2688,560.0
2689,548.0
2690,561.0
2691,589.0
2692,690.0
2693,823.0
2694,931.0
2695,988.0
2696,980.0
2697,953.0
2698,917.0
2699,951.0
2700,933.0
2701,924.0
2702,903.0
2703,874.0
2704,862.0
2705,856.0
2706,868.0
2707,875.0
2708,788.0
2709,696.0
2710,632.0
2711,598.0
2712,586.0
2713,583.0
2714,590.0
2715,616.0
2716,709.0
2717,843.0
2718,957.0
2719,999.0
2720,983.0
2721,965.0
2722,925.0
2723,953.0
2724,953.0
2725,931.0
2726,925.0
2727,898.0
2728,894.0
2729,879.0
2730,883.0
2731,882.0
2732,788.0
2733,696.0
2734,624.0
2735,592.0
2736,574.0
2737,568.0
2738,574.0
2739,596.0
2740,710.0
2741,851.0
2742,976.0
2743,1027.0
2744,1024.0
2745,1010.0
2746,979.0
2747,1008.0
2748,999.0
2749,986.0
2750,962.0
2751,930.0
2752,925.0
2753,908.0
2754,909.0
2755,903.0
2756,822.0
2757,711.0
2758,648.0
2759,610.0
2760,586.0
2761,579.0
2762,587.0
2763,614.0
2764,716.0
2765,852.0
2766,966.0
2767,1005.0
2768,1000.0
2769,987.0
2770,966.0
2771,987.0
2772,981.0
2773,961.0
2774,941.0
2775,904.0
2776,888.0
2777,869.0
2778,875.0
2779,888.0
2780,821.0
2781,719.0
2782,648.0
2783,603.0
2784,589.0
2785,573.0
2786,584.0
2787,607.0
2788,718.0
2789,848.0
2790,961.0
2791,1010.0
2792,1001.0
2793,981.0
2794,950.0
2795,965.0
2796,957.0
2797,949.0
2798,927.0
2799,892.0
2800,866.0
2801,848.0
2802,845.0
2803,867.0
2804,812.0
2805,721.0
2806,650.0
2807,598.0
2808,577.0
2809,568.0
2810,571.0
2811,569.0
2812,603.0
2813,677.0
2814,770.0
2815,829.0
2816,844.0
2817,835.0
2818,824.0
2819,821.0
2820,813.0
2821,792.0
2822,781.0
2823,770.0
2824,760.0
2825,748.0
2826,758.0
2827,792.0
2828,761.0
2829,681.0
2830,616.0
2831,577.0
2832,563.0
2833,555.0
2834,561.0
2835,553.0
2836,574.0
2837,628.0
2838,698.0
2839,761.0
2840,777.0
2841,765.0
2842,747.0
2843,739.0
2844,735.0
2845,735.0
2846,731.0
2847,735.0
2848,738.0
2849,733.0
2850,740.0
2851,775.0
2852,745.0
2853,669.0
2854,598.0
2855,560.0
2856,550.0
2857,549.0
2858,553.0
2859,558.0
2860,592.0
2861,681.0
2862,784.0
2863,850.0
2864,867.0
2865,856.0
2866,829.0
2867,832.0
2868,823.0
2869,810.0
2870,798.0
2871,782.0
2872,782.0
2873,775.0
2874,776.0
2875,803.0
2876,757.0
2877,671.0
2878,615.0
2879,563.0
2880,559.0
2881,560.0
2882,557.0
2883,550.0
2884,574.0
2885,633.0
2886,727.0
2887,787.0
2888,811.0
2889,815.0
2890,798.0
2891,796.0
2892,783.0
2893,768.0
2894,760.0
2895,757.0
2896,758.0
2897,761.0
2898,779.0
2899,807.0
2900,758.0
2901,663.0
2902,590.0
2903,555.0
2904,540.0
2905,534.0
2906,547.0
2907,558.0
2908,662.0
2909,807.0
2910,921.0
2911,969.0
2912,978.0
2913,968.0
2914,939.0
2915,955.0
2916,944.0
2917,931.0
2918,912.0
2919,875.0
2920,859.0
2921,835.0
2922,831.0
2923,831.0
2924,796.0
2925,687.0
2926,610.0
2927,573.0
2928,558.0
2929,556.0
2930,567.0
2931,579.0
2932,673.0
2933,804.0
2934,922.0
2935,990.0
2936,954.0
2937,945.0
2938,917.0
2939,924.0
2940,912.0
2941,902.0
2942,880.0
2943,863.0
2944,862.0
2945,837.0
2946,836.0
2947,837.0
2948,778.0
2949,695.0
2950,619.0
2951,577.0
2952,558.0
2953,549.0
2954,552.0
2955,539.0
2956,575.0
2957,646.0
2958,730.0
2959,799.0
2960,810.0
2961,807.0
2962,798.0
2963,788.0
2964,770.0
2965,744.0
2966,735.0
2967,731.0
2968,729.0
2969,726.0
2970,731.0
2971,750.0
2972,734.0
2973,659.0
2974,594.0
2975,556.0
2976,536.0
2977,528.0
2978,530.0
2979,517.0
2980,547.0
2981,605.0
2982,681.0
2983,742.0
2984,764.0
2985,761.0
2986,751.0
2987,752.0
2988,741.0
2989,727.0
2990,717.0
2991,717.0
2992,716.0
2993,716.0
2994,723.0
2995,741.0
2996,735.0
2997,664.0
2998,604.0
2999,564.0
3000,547.0
3001,542.0
3002,540.0
3003,523.0
3004,542.0
3005,596.0
3006,669.0
3007,732.0
3008,763.0
3009,761.0
3010,748.0
3011,739.0
3012,732.0
3013,727.0
3014,724.0
3015,732.0
3016,734.0
3017,739.0
3018,752.0
3019,773.0
3020,754.0
3021,663.0
3022,586.0
3023,550.0
3024,538.0
3025,535.0
3026,542.0
3027,552.0
3028,667.0
3029,816.0
3030,921.0
3031,964.1922378540039
3032,971.0
3033,961.0
3034,934.0
3035,955.0
3036,944.0
3037,921.0
3038,903.0
3039,867.0
3040,861.0
3041,839.0
3042,823.0
3043,820.0
3044,794.0
3045,692.0
3046,617.0
3047,583.0
3048,573.0
3049,564.0
3050,568.0
3051,566.0
3052,669.0
3053,812.0
3054,905.0
3055,947.0
3056,942.0
3057,933.0
3058,907.0
3059,931.0
3060,922.0
3061,912.0
3062,894.0
3063,867.0
3064,865.0
3065,831.0
3066,812.0
3067,816.0
3068,790.0
3069,691.0
3070,626.0
3071,590.0
3072,572.0
3073,569.0
3074,571.0
3075,575.0
3076,686.0
3077,811.0
3078,911.0
3079,955.0
3080,954.0
3081,942.0
3082,919.0
3083,941.0
3084,936.0
3085,921.0
3086,905.0
3087,869.0
3088,862.0
3089,834.0
3090,823.0
3091,807.0
3092,796.0
3093,708.0
3094,631.0
3095,588.0
3096,570.0
3097,562.0
3098,564.0
3099,572.0
3100,684.0
3101,803.0
3102,907.0
3103,949.0
3104,948.0
3105,943.0
3106,919.0
3107,942.0
3108,941.0
3109,929.0
3110,903.0
3111,871.0
3112,855.0
3113,826.0
3114,814.0
3115,809.0
3116,795.0
3117,704.0
3118,625.0
3119,592.0
3120,571.0
3121,562.0
3122,562.0
3123,569.0
3124,674.0
3125,809.0
3126,907.0
3127,948.0
3128,951.0
3129,944.0
3130,913.0
3131,936.0
3132,933.0
3133,912.0
3134,886.0
3135,856.0
3136,845.0
3137,818.0
3138,800.0
3139,792.0
3140,791.0
3141,705.0
3142,632.0
3143,586.0
3144,562.0
3145,551.0
3146,543.0
3147,532.0
3148,572.0
3149,640.0
3150,729.0
3151,780.0
3152,799.0
3153,796.0
3154,791.0
3155,796.0
3156,787.0
3157,772.0
3158,761.0
3159,756.0
3160,751.0
3161,740.0
3162,735.0
3163,733.0
3164,741.0
3165,673.0
3166,606.0
3167,567.0
3168,544.0
3169,531.0
3170,525.0
3171,514.0
3172,540.0
3173,599.0
3174,678.0
3175,744.0
3176,772.0
3177,764.0
3178,745.0
3179,745.0
3180,748.0
3181,737.0
3182,737.0
3183,744.0
3184,749.0
3185,747.0
3186,756.0
3187,762.0
3188,764.0
3189,682.0
3190,610.0
3191,567.0
3192,550.0
3193,543.0
3194,543.0
3195,548.0
3196,666.0
3197,797.0
3198,899.0
3199,958.0
3200,959.0
3201,953.0
3202,925.0
3203,946.0
3204,945.0
3205,930.0
3206,907.0
3207,879.0
3208,865.0
3209,845.0
3210,835.0
3211,826.0
3212,809.0
3213,719.0
3214,628.0
3215,596.0
3216,576.0
3217,565.0
3218,559.0
3219,571.0
3220,677.0
3221,807.0
3222,918.0
3223,962.0
3224,966.0
3225,960.0
3226,938.0
3227,958.0
3228,956.0
3229,946.0
3230,923.0
3231,890.0
3232,873.0
3233,849.0
3234,844.0
3235,822.0
3236,794.0
3237,713.0
3238,635.0
3239,591.0
3240,577.0
3241,563.0
3242,559.0
3243,568.0
3244,685.0
3245,810.0
3246,914.0
3247,958.0
3248,952.0
3249,947.0
3250,921.0
3251,953.0
3252,947.0
3253,936.0
3254,920.0
3255,885.0
3256,873.0
3257,849.0
3258,836.0
3259,823.0
3260,807.0
3261,718.0
3262,647.0
3263,601.0
3264,583.0
3265,574.0
3266,565.0
3267,575.0
3268,690.0
3269,821.0
3270,926.0
3271,980.0
3272,978.0
3273,969.0
3274,952.0
3275,977.0
3276,967.0
3277,946.0
3278,928.0
3279,888.0
3280,877.0
3281,858.0
3282,849.0
3283,828.0
3284,795.0
3285,718.0
3286,634.0
3287,589.0
3288,574.0
3289,565.0
3290,561.0
3291,582.0
3292,692.0
3293,819.0
3294,913.0
3295,959.0
3296,955.0
3297,937.0
3298,916.0
3299,935.0
3300,929.0
3301,912.0
3302,887.0
3303,860.0
3304,841.0
3305,819.0
3306,806.0
3307,783.0
3308,771.0
3309,700.0
3310,622.0
3311,577.0
3312,555.0
3313,545.0
3314,533.0
3315,535.0
3316,578.0
3317,651.0
3318,741.0
3319,798.0
3320,814.0
3321,809.0
3322,791.0
3323,783.0
3324,778.0
3325,762.0
3326,752.0
3327,746.0
3328,747.0
3329,736.0
3330,729.0
3331,713.0
3332,714.0
3333,664.0
3334,598.0
3335,561.0
3336,542.0
3337,530.0
3338,513.0
3339,506.0
3340,540.0
3341,592.0
3342,663.0
3343,725.0
3344,748.0
3345,750.0
3346,739.0
3347,733.0
3348,726.0
3349,719.0
3350,719.0
3351,719.0
3352,727.0
3353,737.0
3354,740.0
3355,740.0
3356,727.0
3357,658.0
3358,597.0
3359,560.0
3360,540.0
3361,537.0
3362,529.0
3363,551.0
3364,666.0
3365,798.0
3366,902.0
3367,950.0
3368,956.0
3369,947.0
3370,921.0
3371,950.0
3372,946.0
3373,934.0
3374,911.0
3375,874.0
3376,864.0
3377,843.0
3378,830.0
3379,810.0
3380,788.0
3381,711.0
3382,630.0
3383,587.0
3384,572.0
3385,563.0
3386,545.0
3387,572.0
3388,676.0
3389,811.0
3390,914.0
3391,963.0
3392,963.0
3393,949.0
3394,921.0
3395,953.0
3396,950.0
3397,932.0
3398,909.0
3399,870.0
3400,874.0
3401,841.0
3402,826.0
3403,805.0
3404,785.0
3405,708.0
3406,635.0
3407,598.0
3408,585.0
3409,580.0
3410,560.0
3411,574.0
3412,685.0
3413,817.0
3414,920.0
3415,959.0
3416,964.0
3417,954.0
3418,929.0
3419,952.0
3420,942.0
3421,936.0
3422,913.0
3423,878.0
3424,862.0
3425,882.0
3426,854.0
3427,810.0
3428,828.0
3429,818.0
3430,748.0
3431,761.0
3432,757.0
3433,742.0
3434,728.0
3435,749.0
3436,785.0
3437,894.0
3438,913.0
3439,956.0
3440,949.0
3441,945.0
3442,924.0
3443,948.0
3444,937.0
3445,928.0
3446,903.0
3447,871.0
3448,855.0
3449,831.0
3450,823.0
3451,808.0
3452,785.0
3453,715.0
3454,633.0
3455,589.0
3456,566.0
3457,558.0
3458,541.0
3459,560.0
3460,671.0
3461,799.0
3462,906.0
3463,952.0
3464,956.0
3465,950.0
3466,933.0
3467,955.0
3468,951.0
3469,937.0
3470,915.0
3471,890.0
3472,870.0
3473,843.0
3474,823.0
3475,790.0
3476,773.0
3477,720.0
3478,639.0
3479,602.0
3480,582.0
3481,563.0
3482,534.0
3483,542.0
3484,584.0
3485,659.0
3486,742.0
3487,802.0
3488,822.0
3489,826.0
3490,819.0
3491,812.0
3492,807.0
3493,799.0
3494,790.0
3495,785.0
3496,778.0
3497,766.0
3498,755.0
3499,736.0
3500,726.0
3501,684.0
3502,617.0
3503,581.0
3504,561.0
3505,549.0
3506,523.0
3507,524.0
3508,557.0
3509,614.0
3510,691.0
3511,762.0
3512,787.0
3513,786.0
3514,782.0
3515,776.0
3516,775.0
3517,767.0
3518,766.0
3519,770.0
3520,775.0
3521,773.0
3522,772.0
3523,759.0
3524,738.0
3525,681.0
3526,606.0
3527,572.0
3528,558.0
3529,557.0
3530,539.0
3531,568.0
3532,679.0
3533,807.0
3534,903.0
3535,962.0
3536,970.0
3537,959.0
3538,941.0
3539,968.0
3540,964.0
3541,953.0
3542,945.0
3543,909.0
3544,889.0
3545,866.0
3546,848.0
3547,828.0
3548,798.0
3549,738.0
3550,657.0
3551,614.0
3552,584.0
3553,575.0
3554,558.0
3555,585.0
3556,691.0
3557,825.0
3558,935.0
3559,985.0
3560,999.0
3561,997.0
3562,975.0
3563,1003.0
3564,997.0
3565,985.0
3566,965.0
3567,935.0
3568,910.0
3569,886.0
3570,867.0
3571,837.0
3572,813.0
3573,747.0
3574,656.0
3575,614.0
3576,587.0
3577,581.0
3578,561.0
3579,596.0
3580,705.0
3581,838.0
3582,951.0
3583,1000.0
3584,1014.0
3585,1009.0
3586,986.0
3587,1014.0
3588,1004.0
3589,978.0
3590,955.0
3591,919.0
3592,896.0
3593,876.0
3594,857.0
3595,840.0
3596,809.0
3597,747.0
3598,662.0
3599,612.0
3600,590.0
3601,587.0
3602,561.0
3603,589.0
3604,693.0
3605,825.0
3606,926.0
3607,975.0
3608,982.0
3609,975.0
3610,949.0
3611,981.0
3612,970.0
3613,954.0
3614,931.0
3615,898.0
3616,880.0
3617,848.0
3618,828.0
3619,805.0
3620,776.0
3621,720.0
3622,640.0
3623,594.0
3624,579.0
3625,565.0
3626,543.0
3627,572.0
3628,673.0
3629,782.0
3630,904.0
3631,955.0
3632,957.0
3633,953.0
3634,932.0
3635,958.0
3636,952.0
3637,927.0
3638,920.0
3639,885.0
3640,863.0
3641,838.0
3642,820.0
3643,792.0
3644,767.0
3645,724.0
3646,646.0
3647,594.0
3648,569.0
3649,551.0
3650,530.0
3651,537.0
3652,578.0
3653,643.0
3654,726.0
3655,785.0
3656,811.0
3657,812.0
3658,803.0
3659,801.0
3660,794.0
3661,780.0
3662,771.0
3663,764.0
3664,761.0
3665,746.0
3666,740.0
3667,722.0
3668,712.0
3669,685.0
3670,619.0
3671,570.0
3672,550.0
3673,539.0
3674,513.0
3675,519.0
3676,550.0
3677,603.0
3678,684.0
3679,744.0
3680,773.0
3681,775.0
3682,763.0
3683,756.0
3684,752.0
3685,747.0
3686,751.0
3687,757.0
3688,758.0
3689,755.0
3690,756.0
3691,742.0
3692,720.0
3693,680.0
3694,610.0
3695,569.0
3696,555.0
3697,540.0
3698,530.0
3699,563.0
3700,664.0
3701,786.0
3702,902.0
3703,976.0
3704,994.0
3705,988.0
3706,977.0
3707,993.0
3708,970.0
3709,946.0
3710,927.0
3711,899.0
3712,874.0
3713,847.0
3714,831.0
3715,800.0
3716,762.0
3717,713.0
3718,637.0
3719,591.0
3720,565.0
3721,556.0
3722,538.0
3723,562.0
3724,666.0
3725,802.0
3726,905.0
3727,939.0
3728,947.0
3729,944.0
3730,930.0
3731,940.0
3732,923.0
3733,906.0
3734,877.0
3735,840.0
3736,832.0
3737,820.0
3738,800.0
3739,776.0
3740,750.0
3741,708.0
3742,625.0
3743,578.0
3744,559.0
3745,549.0
3746,531.0
3747,557.0
3748,655.0
3749,764.0
3750,874.0
3751,934.0
3752,947.0
3753,942.0
3754,920.0
3755,943.0
3756,939.0
3757,928.0
3758,906.0
3759,872.0
3760,855.0
3761,833.0
3762,817.0
3763,804.0
3764,773.0
3765,718.0
3766,641.0
3767,599.0
3768,583.0
3769,575.0
3770,550.0
3771,582.0
3772,687.0
3773,792.0
3774,898.0
3775,941.0
3776,947.0
3777,935.0
3778,916.0
3779,937.0
3780,930.0
3781,916.0
3782,903.0
3783,882.0
3784,871.0
3785,837.0
3786,824.0
3787,803.0
3788,775.0
3789,726.0
3790,641.0
3791,593.0
3792,571.0
3793,562.0
3794,545.0
3795,569.0
3796,678.0
3797,791.0
3798,894.0
3799,959.0
3800,953.0
3801,956.0
3802,934.0
3803,955.0
3804,939.0
3805,922.0
3806,901.0
3807,868.0
3808,850.0
3809,814.0
3810,795.0
3811,770.0
3812,750.0
3813,711.0
3814,633.0
3815,579.0
3816,556.0
3817,533.0
3818,509.0
3819,520.0
3820,568.0
3821,632.0
3822,719.0
3823,769.0
3824,796.0
3825,791.0
3826,783.0
3827,778.0
3828,777.0
3829,771.0
3830,759.0
3831,752.0
3832,739.0
3833,740.0
3834,729.0
3835,712.0
3836,690.0
3837,670.0
3838,608.0
3839,563.0
3840,543.0
3841,528.0
3842,499.0
3843,507.0
3844,537.0
3845,593.0
3846,668.0
3847,735.0
3848,774.0
3849,786.0
3850,784.0
3851,781.0
3852,779.0
3853,771.0
3854,768.0
3855,771.0
3856,766.0
3857,764.0
3858,759.0
3859,743.0
3860,714.0
3861,685.0
3862,615.0
3863,567.0
3864,549.0
3865,538.0
3866,517.0
3867,546.0
3868,656.0
3869,795.0
3870,910.0
3871,970.0
3872,987.0
3873,980.0
3874,959.0
3875,976.0
3876,961.0
3877,943.0
3878,929.0
3879,899.0
3880,880.0
3881,859.0
3882,842.0
3883,818.0
3884,778.0
3885,717.0
3886,638.0
3887,601.0
3888,579.0
3889,570.0
3890,552.0
3891,572.0
3892,662.0
3893,782.0
3894,904.0
3895,962.0
3896,979.0
3897,975.0
3898,941.0
3899,966.0
3900,954.0
3901,941.0
3902,921.0
3903,893.0
3904,883.0
3905,854.0
3906,835.0
3907,806.0
3908,764.0
3909,722.0
3910,643.0
3911,592.0
3912,567.0
3913,556.0
3914,532.0
3915,565.0
3916,665.0
3917,782.0
3918,889.0
3919,935.0
3920,951.0
3921,944.0
3922,923.0
3923,946.0
3924,939.0
3925,924.0
3926,914.0
3927,877.0
3928,866.0
3929,832.0
3930,812.0
3931,801.0
3932,763.0
3933,712.0
3934,639.0
3935,592.0
3936,572.0
3937,560.0
3938,535.0
3939,560.0
3940,661.0
3941,783.0
3942,884.0
3943,937.0
3944,960.0
3945,954.0
3946,935.0
3947,959.0
3948,952.0
3949,941.0
3950,924.0
3951,889.0
3952,867.0
3953,840.0
3954,824.0
3955,797.0
3956,763.0
3957,721.0
3958,650.0
3959,601.0
3960,587.0
3961,569.0
3962,544.0
3963,571.0
3964,666.0
3965,795.0
3966,918.0
3967,972.0
3968,988.0
3969,986.0
3970,959.0
3971,975.0
3972,964.0
3973,947.0
3974,923.0
3975,894.0
3976,886.0
3977,849.0
3978,827.0
3979,798.0
3980,764.0
3981,730.0
3982,652.0
3983,604.0
3984,580.0
3985,566.0
3986,537.0
3987,542.0
3988,582.0
3989,653.0
3990,733.0
3991,799.0
3992,824.0
3993,831.0
3994,819.0
3995,812.0
3996,802.0
3997,784.0
3998,776.0
3999,768.0
4000,761.0
4001,746.0
4002,740.0
4003,718.0
4004,700.0
4005,681.0
4006,619.0
4007,578.0
4008,554.0
4009,537.0
4010,511.0
4011,513.0
4012,548.0
4013,601.0
4014,674.0
4015,733.0
4016,763.0
4017,772.0
4018,767.0
4019,769.0
4020,769.0
4021,765.0
4022,766.0
4023,771.0
4024,774.0
4025,768.0
4026,763.0
4027,748.0
4028,723.0
4029,684.0
4030,616.0
4031,571.0
4032,553.0
4033,538.0
4034,519.0
4035,551.0
4036,654.0
4037,779.0
4038,904.0
4039,977.0
4040,990.0
4041,990.0
4042,965.0
4043,984.0
4044,980.0
4045,957.0
4046,935.0
4047,892.0
4048,870.0
4049,846.0
4050,832.0
4051,797.0
4052,750.0
4053,705.0
4054,629.0
4055,579.0
4056,557.0
4057,538.0
4058,521.0
4059,549.0
4060,641.0
4061,762.0
4062,881.0
4063,928.0
4064,945.0
4065,950.0
4066,929.0
4067,955.0
4068,953.0
4069,927.0
4070,910.0
4071,878.0
4072,865.0
4073,833.0
4074,820.0
4075,779.0
4076,740.0
4077,702.0
4078,629.0
4079,585.0
4080,562.0
4081,550.0
4082,532.0
4083,559.0
4084,656.0
4085,783.0
4086,890.0
4087,944.0
4088,950.0
4089,943.0
4090,921.0
4091,952.0
4092,947.0
4093,927.0
4094,904.0
4095,872.0
4096,856.0
4097,835.0
4098,819.0
4099,793.0
4100,752.0
4101,701.0
4102,626.0
4103,582.0
4104,554.0
4105,542.0
4106,524.0
4107,551.0
4108,652.0
4109,772.0
4110,890.0
4111,953.0
4112,969.0
4113,969.0
4114,955.0
4115,992.0
4116,986.0
4117,986.0
4118,962.0
4119,915.0
4120,907.0
4121,879.0
4122,864.0
4123,841.0
4124,791.0
4125,718.0
4126,655.0
4127,601.0
4128,572.0
4129,548.0
4130,524.0
4131,544.0
4132,640.0
4133,755.0
4134,872.0
4135,925.0
4136,928.0
4137,924.0
4138,896.0
4139,907.0
4140,888.0
4141,857.0
4142,838.0
4143,821.0
4144,809.0
4145,788.0
4146,772.0
4147,740.0
4148,701.0
4149,680.0
4150,612.0
4151,567.0
4152,541.0
4153,515.0
4154,494.0
4155,500.0
4156,528.0
4157,582.0
4158,651.0
4159,712.0
4160,740.0
4161,740.0
4162,737.0
4163,734.0
4164,721.0
4165,709.0
4166,692.0
4167,676.0
4168,658.0
4169,633.0
4170,605.0
4171,588.0
4172,576.0
4173,581.0
4174,559.0
4175,527.0
4176,505.0
4177,485.0
4178,460.0
4179,459.0
4180,478.0
4181,509.0
4182,548.0
4183,595.0
4184,634.0
4185,651.0
4186,657.0
4187,657.0
4188,652.0
4189,653.0
4190,659.0
4191,667.0
4192,678.0
4193,680.0
4194,686.0
4195,674.0
4196,649.0
4197,610.0
4198,550.0
4199,507.0
4200,502.0
4201,490.0
4202,473.0
4203,499.0
4204,586.0
4205,711.0
4206,827.0
4207,895.0
4208,916.0
4209,919.0
4210,895.0
4211,912.0
4212,910.0
4213,889.0
4214,872.0
4215,847.0
4216,834.0
4217,809.0
4218,791.0
4219,770.0
4220,736.0
4221,702.0
4222,625.0
4223,571.0
4224,549.0
4225,534.0
4226,515.0
4227,544.0
4228,631.0
4229,750.0
4230,869.0
4231,924.0
4232,934.0
4233,934.0
4234,909.0
4235,938.0
4236,924.0
4237,901.0
4238,891.0
4239,862.0
4240,850.0
4241,821.0
4242,806.0
4243,777.0
4244,748.0
4245,705.0
4246,623.0
4247,570.0
4248,549.0
4249,535.0
4250,514.0
4251,542.0
4252,647.0
4253,767.0
4254,884.0
4255,944.0
4256,967.0
4257,961.0
4258,936.0
4259,962.0
4260,952.0
4261,931.0
4262,917.0
4263,889.0
4264,868.0
4265,838.0
4266,824.0
4267,787.0
4268,756.0
4269,713.0
4270,632.0
4271,576.0
4272,549.0
4273,530.0
4274,505.0
4275,529.0
4276,630.0
4277,757.0
4278,882.0
4279,942.0
4280,956.0
4281,955.0
4282,931.0
4283,954.0
4284,943.0
4285,931.0
4286,913.0
4287,883.0
4288,862.0
4289,835.0
4290,819.0
4291,795.0
4292,760.0
4293,721.0
4294,646.0
4295,589.0
4296,568.0
4297,552.0
4298,532.0
4299,553.0
4300,644.0
4301,767.0
4302,873.0
4303,929.0
4304,935.0
4305,933.0
4306,908.0
4307,927.0
4308,925.0
4309,891.0
4310,866.0
4311,839.0
4312,826.0
4313,799.0
4314,784.0
4315,764.0
4316,733.0
4317,694.0
4318,628.0
4319,574.0
4320,550.0
4321,531.0
4322,506.0
4323,510.0
4324,551.0
4325,619.0
4326,696.0
4327,756.0
4328,777.0
4329,781.0
4330,767.0
4331,764.0
4332,757.0
4333,747.0
4334,742.0
4335,741.0
4336,733.0
4337,726.0
4338,717.0
4339,696.0
4340,678.0
4341,658.0
4342,599.0
4343,553.0
4344,528.0
4345,510.0
4346,491.0
4347,495.0
4348,526.0
4349,572.0
4350,635.0
4351,693.0
4352,729.0
4353,743.0
4354,738.0
4355,736.0
4356,729.0
4357,727.0
4358,729.0
4359,736.0
4360,733.0
4361,727.0
4362,735.0
4363,725.0
4364,695.0
4365,654.0
4366,594.0
4367,550.0
4368,532.0
4369,521.0
4370,514.0
4371,533.0
4372,618.0
4373,735.0
4374,849.0
4375,911.0
4376,929.0
4377,930.0
4378,907.0
4379,933.0
4380,932.0
4381,905.0
4382,897.0
4383,867.0
4384,849.0
4385,826.0
4386,808.0
4387,786.0
4388,751.0
4389,694.0
4390,616.0
4391,571.0
4392,553.0
4393,540.0
4394,523.0
4395,543.0
4396,635.0
4397,747.0
4398,870.0
4399,920.0
4400,937.0
4401,938.0
4402,921.0
4403,944.0
4404,932.0
4405,923.0
4406,899.0
4407,870.0
4408,853.0
4409,832.0
4410,817.0
4411,800.0
4412,760.0
4413,703.0
4414,619.0
4415,569.0
4416,555.0
4417,544.0
4418,530.0
4419,547.0
4420,639.0
4421,756.0
4422,872.0
4423,938.0
4424,947.0
4425,938.0
4426,916.0
4427,939.0
4428,931.0
4429,910.0
4430,893.0
4431,867.0
4432,844.0
4433,815.0
4434,798.0
4435,780.0
4436,749.0
4437,709.0
4438,629.0
4439,581.0
4440,554.0
4441,536.0
4442,514.0
4443,537.0
4444,630.0
4445,745.0
4446,852.0
4447,912.0
4448,921.0
4449,920.0
4450,898.0
4451,921.0
4452,919.0
4453,906.0
4454,887.0
4455,853.0
4456,837.0
4457,812.0
4458,800.0
4459,776.0
4460,743.0
4461,701.0
4462,623.0
4463,577.0
4464,551.0
4465,535.0
4466,513.0
4467,532.0
4468,625.0
4469,743.0
4470,852.0
4471,909.0
4472,926.0
4473,927.0
4474,906.0
4475,934.0
4476,921.0
4477,901.0
4478,874.0
4479,851.0
4480,838.0
4481,814.0
4482,796.0
4483,765.0
4484,738.0
4485,707.0
4486,626.0
4487,579.0
4488,553.0
4489,532.0
4490,512.0
4491,515.0
4492,553.0
4493,624.0
4494,699.0
4495,761.0
4496,793.0
4497,796.0
4498,786.0
4499,783.0
4500,775.0
4501,761.0
4502,752.0
4503,752.0
4504,746.0
4505,733.0
4506,721.0
4507,707.0
4508,684.0
4509,673.0
4510,619.0
4511,574.0
4512,550.0
4513,531.0
4514,497.0
4515,499.0
4516,529.0
4517,581.0
4518,644.0
4519,706.0
4520,743.0
4521,751.0
4522,744.0
4523,741.0
4524,739.0
4525,728.0
4526,724.0
4527,723.0
4528,721.0
4529,715.0
4530,713.0
4531,696.0
4532,680.0
4533,654.0
4534,594.0
4535,553.0
4536,535.0
4537,518.0
4538,501.0
4539,503.0
4540,550.0
4541,623.0
4542,710.0
4543,775.0
4544,813.0
4545,828.0
4546,819.0
4547,830.0
4548,830.0
4549,816.0
4550,807.0
4551,801.0
4552,791.0
4553,777.0
4554,774.0
4555,758.0
4556,732.0
4557,694.0
4558,622.0
4559,570.0
4560,544.0
4561,535.0
4562,515.0
4563,536.0
4564,628.0
4565,753.0
4566,881.0
4567,947.0
4568,972.0
4569,973.0
4570,957.0
4571,971.0
4572,962.0
4573,947.0
4574,926.0
4575,901.0
4576,885.0
4577,852.0
4578,835.0
4579,808.0
4580,779.0
4581,730.0
4582,653.0
4583,594.0
4584,574.0
4585,558.0
4586,531.0
4587,550.0
4588,638.0
4589,757.0
4590,890.0
4591,946.0
4592,969.0
4593,968.0
4594,953.0
4595,976.0
4596,976.0
4597,957.0
4598,935.0
4599,903.0
4600,884.0
4601,857.0
4602,845.0
4603,817.0
4604,786.0
4605,743.0
4606,659.0
4607,604.0
4608,578.0
4609,564.0
4610,543.0
4611,556.0
4612,658.0
4613,767.0
4614,890.0
4615,954.0
4616,986.0
4617,977.0
4618,967.0
4619,989.0
4620,979.0
4621,960.0
4622,932.0
4623,906.0
4624,880.0
4625,858.0
4626,855.0
4627,823.0
4628,778.0
4629,723.0
4630,649.0
4631,591.0
4632,571.0
4633,564.0
4634,550.0
4635,561.0
4636,646.0
4637,766.0
4638,889.0
4639,945.0
4640,958.0
4641,963.0
4642,941.0
4643,967.0
4644,956.0
4645,941.0
4646,916.0
4647,887.0
4648,866.0
4649,834.0
4650,821.0
4651,792.0
4652,758.0
4653,720.0
4654,645.0
4655,597.0
4656,565.0
4657,553.0
4658,530.0
4659,525.0
4660,566.0
4661,625.0
4662,700.0
4663,769.0
4664,796.0
4665,798.0
4666,793.0
4667,780.0
4668,772.0
4669,761.0
4670,755.0
4671,751.0
4672,743.0
4673,726.0
4674,719.0
4675,698.0
4676,681.0
4677,662.0
4678,604.0
4679,558.0
4680,538.0
4681,530.0
4682,500.0
4683,497.0
4684,529.0
4685,580.0
4686,652.0
4687,719.0
4688,758.0
4689,763.0
4690,756.0
4691,752.0
4692,752.0
4693,746.0
4694,742.0
4695,745.0
4696,752.0
4697,747.0
4698,742.0
4699,730.0
4700,714.0
4701,681.0
4702,609.0
4703,558.0
4704,543.0
4705,533.0
4706,515.0
4707,529.0
4708,616.0
4709,736.0
4710,864.0
4711,944.0
4712,976.0
4713,973.0
4714,959.0
4715,981.0
4716,974.0
4717,960.0
4718,942.0
4719,912.0
4720,890.0
4721,851.0
4722,840.0
4723,809.0
4724,779.0
4725,730.0
4726,651.0
4727,598.0
4728,572.0
4729,562.0
4730,539.0
4731,555.0
4732,642.0
4733,763.0
4734,893.0
4735,965.0
4736,987.0
4737,983.0
4738,968.0
4739,988.0
4740,991.0
4741,969.0
4742,952.0
4743,921.0
4744,901.0
4745,868.0
4746,854.0
4747,831.0
4748,806.0
4749,755.0
4750,660.0
4751,610.0
4752,583.0
4753,570.0
4754,551.0
4755,567.0
4756,661.0
4757,777.0
4758,902.0
4759,976.0
4760,995.0
4761,994.0
4762,972.0
4763,989.0
4764,994.0
4765,980.0
4766,957.0
4767,922.0
4768,901.0
4769,875.0
4770,855.0
4771,829.0
4772,809.0
4773,757.0
4774,671.0
4775,621.0
4776,593.0
4777,580.0
4778,562.0
4779,572.0
4780,653.0
4781,771.0
4782,892.0
4783,954.0
4784,969.0
4785,965.0
4786,948.0
4787,966.0
4788,963.0
4789,945.0
4790,931.0
4791,905.0
4792,887.0
4793,863.0
4794,841.0
4795,823.0
4796,807.0
4797,752.0
4798,669.0
4799,609.0
4800,587.0
4801,575.0
4802,562.0
4803,570.0
4804,660.0
4805,771.0
4806,891.0
4807,965.0
4808,985.0
4809,982.0
4810,963.0
4811,977.0
4812,971.0
4813,953.0
4814,930.0
4815,899.0
4816,879.0
4817,850.0
4818,828.0
4819,802.0
4820,792.0
4821,751.0
4822,669.0
4823,618.0
4824,586.0
4825,569.0
4826,557.0
4827,548.0
4828,593.0
4829,647.0
4830,726.0
4831,791.0
4832,824.0
4833,828.0
4834,819.0
4835,815.0
4836,805.0
4837,799.0
4838,787.0
4839,781.0
4840,781.0
4841,765.0
4842,754.0
4843,733.0
4844,722.0
4845,688.0
4846,627.0
4847,581.0
4848,563.0
4849,546.0
4850,529.0
4851,520.0
4852,547.0
4853,600.0
4854,665.0
4855,732.0
4856,773.0
4857,789.0
4858,784.0
4859,786.0
4860,782.0
4861,780.0
4862,771.0
4863,773.0
4864,779.0
4865,773.0
4866,770.0
4867,758.0
4868,753.0
4869,695.0
4870,617.0
4871,578.0
4872,554.0
4873,546.0
4874,536.0
4875,535.0
4876,624.0
4877,744.0
4878,879.0
4879,958.0
4880,977.0
4881,968.0
4882,958.0
4883,983.0
4884,982.0
4885,966.0
4886,943.0
4887,914.0
4888,894.0
4889,865.0
4890,845.0
4891,817.0
4892,805.0
4893,740.0
4894,655.0
4895,606.0
4896,582.0
4897,570.0
4898,571.0
4899,581.0
4900,667.0
4901,780.0
4902,901.0
4903,965.0
4904,984.0
4905,987.0
4906,969.0
4907,992.0
4908,984.0
4909,968.0
4910,938.0
4911,905.0
4912,891.0
4913,859.0
4914,842.0
4915,824.0
4916,810.0
4917,749.0
4918,654.0
4919,609.0
4920,583.0
4921,571.0
4922,563.0
4923,569.0
4924,650.0
4925,764.0
4926,893.0
4927,957.0
4928,976.0
4929,978.0
4930,956.0
4931,975.0
4932,969.0
4933,955.0
4934,933.0
4935,909.0
4936,888.0
4937,867.0
4938,851.0
4939,829.0
4940,811.0
4941,743.0
4942,647.0
4943,597.0
4944,576.0
4945,565.0
4946,553.0
4947,560.0
4948,650.0
4949,769.0
4950,896.0
4951,967.0
4952,989.0
4953,985.0
4954,965.0
4955,984.0
4956,976.0
4957,959.0
4958,941.0
4959,912.0
4960,893.0
4961,862.0
4962,849.0
4963,825.0
4964,816.0
4965,743.0
4966,661.0
4967,604.0
4968,576.0
4969,562.0
4970,553.0
4971,555.0
4972,641.0
4973,760.0
4974,882.0
4975,951.0
4976,972.0
4977,977.0
4978,959.0
4979,976.0
4980,970.0
4981,950.0
4982,926.0
4983,903.0
4984,879.0
4985,847.0
4986,824.0
4987,798.0
4988,792.0
4989,733.0
4990,658.0
4991,609.0
4992,587.0
4993,575.0
4994,564.0
4995,548.0
4996,581.0
4997,649.0
4998,737.0
4999,805.0
5000,844.0
5001,844.0
5002,834.0
5003,831.0
5004,829.0
5005,815.0
5006,811.0
5007,802.0
5008,799.0
5009,784.0
5010,773.0
5011,757.0
5012,752.0
5013,700.0
5014,638.0
5015,596.0
5016,577.0
5017,563.0
5018,554.0
5019,543.0
5020,567.0
5021,611.0
5022,678.0
5023,753.0
5024,789.0
5025,799.0
5026,801.0
5027,795.0
5028,796.0
5029,801.0
5030,801.0
5031,802.0
5032,804.0
5033,802.0
5034,797.0
5035,785.0
5036,781.0
5037,711.0
5038,630.0
5039,586.0
5040,568.0
5041,563.0
5042,565.0
5043,566.0
5044,658.0
5045,778.0
5046,920.0
5047,992.0
5048,1017.0
5049,1031.0
5050,1016.0
5051,1037.0
5052,1035.0
5053,1007.0
5054,979.0
5055,938.0
5056,914.0
5057,883.0
5058,863.0
5059,843.0
5060,834.0
5061,751.0
5062,669.0
5063,624.0
5064,600.0
5065,585.0
5066,583.0
5067,585.0
5068,668.0
5069,787.0
5070,921.0
5071,996.0
5072,1026.0
5073,1029.0
5074,1011.0
5075,1034.0
5076,1027.0
5077,1006.0
5078,989.0
5079,947.0
5080,923.0
5081,895.0
5082,876.0
5083,860.0
5084,844.0
5085,767.0
5086,679.0
5087,634.0
5088,615.0
5089,602.0
5090,600.0
5091,596.0
5092,675.0
5093,796.0
5094,918.0
5095,982.0
5096,1016.0
5097,1012.0
5098,991.0
5099,1014.0
5100,1011.0
5101,1002.0
5102,989.0
5103,946.0
5104,918.0
5105,898.0
5106,885.0
5107,874.0
5108,876.0
5109,794.0
5110,704.0
5111,656.0
5112,618.0
5113,601.0
5114,593.0
5115,591.0
5116,674.0
5117,797.0
5118,932.0
5119,987.0
5120,1004.0
5121,984.0
5122,933.0
5123,989.0
5124,1045.0
5125,1032.0
5126,1014.0
5127,981.0
5128,951.0
5129,911.0
5130,889.0
5131,871.0
5132,863.0
5133,783.0
5134,693.0
5135,643.0
5136,621.0
5137,613.0
5138,611.0
5139,613.0
5140,691.0
5141,808.0
5142,937.0
5143,1004.0
5144,1030.0
5145,1033.0
5146,1014.0
5147,1039.0
5148,1020.0
5149,995.0
5150,970.0
5151,935.0
5152,907.0
5153,860.0
5154,838.0
5155,824.0
5156,821.0
5157,748.0
5158,679.0
5159,634.0
5160,603.0
5161,591.0
5162,582.0
5163,562.0
5164,588.0
5165,653.0
5166,742.0
5167,804.0
5168,836.0
5169,846.0
5170,831.0
5171,831.0
5172,820.0
5173,804.0
5174,805.0
5175,802.0
5176,795.0
5177,771.0
5178,767.0
5179,765.0
5180,762.0
5181,702.0
5182,646.0
5183,605.0
5184,584.0
5185,568.0
5186,570.0
5187,553.0
5188,575.0
5189,625.0
5190,693.0
5191,766.0
5192,796.0
5193,801.0
5194,796.0
5195,794.0
5196,785.0
5197,771.0
5198,767.0
5199,769.0
5200,766.0
5201,763.0
5202,765.0
5203,778.0
5204,765.0
5205,689.0
5206,619.0
5207,581.0
5208,569.0
5209,567.0
5210,568.0
5211,571.0
5212,656.0
5213,766.0
5214,889.0
5215,950.0
5216,980.0
5217,978.0
5218,961.0
5219,982.0
5220,973.0
5221,953.0
5222,929.0
5223,897.0
5224,887.0
5225,856.0
5226,849.0
5227,829.0
5228,804.0
5229,725.0
5230,643.0
5231,596.0
5232,574.0
5233,563.0
5234,567.0
5235,579.0
5236,652.0
5237,772.0
5238,882.0
5239,936.0
5240,959.0
5241,960.0
5242,936.0
5243,963.0
5244,960.0
5245,949.0
5246,938.0
5247,902.0
5248,892.0
5249,858.0
5250,845.0
5251,831.0
5252,821.0
5253,732.0
5254,648.0
5255,608.0
5256,593.0
5257,583.0
5258,585.0
5259,581.0
5260,660.0
5261,785.0
5262,915.0
5263,982.0
5264,999.0
5265,1006.0
5266,990.0
5267,1011.0
5268,1007.0
5269,995.0
5270,973.0
5271,940.0
5272,924.0
5273,896.0
5274,875.0
5275,863.0
5276,840.0
5277,751.0
5278,663.0
5279,615.0
5280,594.0
5281,586.0
5282,590.0
5283,594.0
5284,677.0
5285,804.0
5286,932.0
5287,1002.0
5288,1035.0
5289,1038.0
5290,1017.0
5291,1040.0
5292,1039.0
5293,1027.0
5294,1002.0
5295,967.0
5296,943.0
5297,912.0
5298,893.0
5299,882.0
5300,865.0
5301,764.0
5302,685.0
5303,650.0
5304,622.0
5305,609.0
5306,608.0
5307,609.0
5308,681.0
5309,802.0
5310,936.0
5311,1002.0
5312,1028.0
5313,1027.0
5314,1014.0
5315,1028.0
5316,1027.0
5317,1014.0
5318,984.0
5319,944.0
5320,918.0
5321,882.0
5322,862.0
5323,862.0
5324,834.0
5325,743.0
5326,669.0
5327,620.0
5328,595.0
5329,584.0
5330,581.0
5331,575.0
5332,597.0
5333,658.0
5334,739.0
5335,804.0
5336,828.0
5337,823.0
5338,819.0
5339,811.0
5340,802.0
5341,783.0
5342,778.0
5343,773.0
5344,775.0
5345,761.0
5346,764.0
5347,765.0
5348,735.0
5349,674.0
5350,609.0
5351,576.0
5352,555.0
5353,545.0
5354,541.0
5355,527.0
5356,545.0
5357,593.0
5358,670.0
5359,727.0
5360,758.0
5361,768.0
5362,761.0
5363,759.0
5364,747.0
5365,738.0
5366,740.0
5367,734.0
5368,731.0
5369,731.0
5370,735.0
5371,752.0
5372,730.0
5373,650.0
5374,582.0
5375,549.0
5376,537.0
5377,532.0
5378,540.0
5379,557.0
5380,643.0
5381,753.0
5382,870.0
5383,939.0
5384,957.0
5385,958.0
5386,938.0
5387,959.0
5388,957.0
5389,932.0
5390,912.0
5391,881.0
5392,858.0
5393,833.0
5394,816.0
5395,826.0
5396,788.0
5397,693.0
5398,624.0
5399,575.0
5400,556.0
5401,546.0
5402,553.0
5403,563.0
5404,642.0
5405,762.0
5406,880.0
5407,936.0
5408,971.0
5409,959.0
5410,933.0
5411,957.0
5412,955.0
5413,940.0
5414,926.0
5415,897.0
5416,881.0
5417,871.0
5418,868.0
5419,865.0
5420,799.0
5421,708.0
5422,645.0
5423,595.0
5424,575.0
5425,566.0
5426,572.0
5427,586.0
5428,656.0
5429,779.0
5430,897.0
5431,959.0
5432,972.0
5433,968.0
5434,953.0
5435,969.0
5436,963.0
5437,941.0
5438,919.0
5439,884.0
5440,868.0
5441,848.0
5442,847.0
5443,858.0
5444,805.0
5445,711.0
5446,642.0
5447,590.0
5448,573.0
5449,565.0
5450,575.0
5451,590.0
5452,667.0
5453,788.0
5454,907.0
5455,967.0
5456,977.0
5457,949.0
5458,916.0
5459,964.0
5460,962.0
5461,949.0
5462,928.0
5463,889.0
5464,880.0
5465,850.0
5466,838.0
5467,857.0
5468,808.0
5469,718.0
5470,639.0
5471,598.0
5472,584.0
5473,570.0
5474,574.0
5475,595.0
5476,656.0
5477,782.0
5478,897.0
5479,963.0
5480,981.0
5481,992.0
5482,974.0
5483,1001.0
5484,981.0
5485,964.0
5486,939.0
5487,910.0
5488,884.0
5489,857.0
5490,837.0
5491,843.0
5492,801.0
5493,717.0
5494,642.0
5495,603.0
5496,577.0
5497,559.0
5498,555.0
5499,554.0
5500,570.0
5501,638.0
5502,732.0
5503,810.0
5504,846.0
5505,851.0
5506,845.0
5507,840.0
5508,832.0
5509,821.0
5510,813.0
5511,808.0
5512,798.0
5513,779.0
5514,773.0
5515,796.0
5516,761.0
5517,684.0
5518,617.0
5519,586.0
5520,563.0
5521,558.0
5522,557.0
5523,549.0
5524,547.0
5525,591.0
5526,670.0
5527,730.0
5528,763.0
5529,773.0
5530,770.0
5531,776.0
5532,776.0
5533,773.0
5534,768.0
5535,772.0
5536,775.0
5537,760.0
5538,764.0
5539,797.0
5540,748.0
5541,666.0
5542,598.0
5543,566.0
5544,549.0
5545,543.0
5546,553.0
5547,581.0
5548,653.0
5549,771.0
5550,902.0
5551,955.0
5552,981.0
5553,975.0
5554,956.0
5555,994.0
5556,984.0
5557,969.0
5558,946.0
5559,914.0
5560,893.0
5561,871.0
5562,861.0
5563,868.0
5564,797.0
5565,710.0
5566,626.0
5567,586.0
5568,561.0
5569,552.0
5570,552.0
5571,577.0
5572,646.0
5573,770.0
5574,896.0
5575,951.0
5576,969.0
5577,963.0
5578,946.0
5579,975.0
5580,963.0
5581,946.0
5582,918.0
5583,884.0
5584,869.0
5585,845.0
5586,839.0
5587,857.0
5588,789.0
5589,702.0
5590,624.0
5591,577.0
5592,554.0
5593,546.0
5594,549.0
5595,566.0
5596,635.0
5597,755.0
5598,872.0
5599,935.0
5600,945.0
5601,948.0
5602,925.0
5603,947.0
5604,948.0
5605,935.0
5606,909.0
5607,880.0
5608,864.0
5609,840.0
5610,836.0
5611,857.0
5612,781.0
5613,690.0
5614,609.0
5615,573.0
5616,553.0
5617,545.0
5618,550.0
5619,573.0
5620,646.0
5621,764.0
5622,882.0
5623,942.0
5624,957.0
5625,956.0
5626,942.0
5627,963.0
5628,957.0
5629,953.0
5630,927.0
5631,894.0
5632,877.0
5633,847.0
5634,837.0
5635,855.0
5636,782.0
5637,691.0
5638,616.0
5639,579.0
5640,563.0
5641,555.0
5642,559.0
5643,580.0
5644,647.0
5645,771.0
5646,897.0
5647,957.0
5648,973.0
5649,970.0
5650,978.3352211434394
5651,986.0
5652,981.0
5653,966.0
5654,945.0
5655,907.0
5656,885.0
5657,855.0
5658,856.0
5659,863.0
5660,794.0
5661,710.0
5662,637.0
5663,603.0
5664,580.0
5665,568.0
5666,570.0
5667,581.0
5668,595.0
5669,650.0
5670,731.0
5671,788.0
5672,817.0
5673,820.0
5674,812.0
5675,802.0
5676,793.0
5677,780.0
5678,772.0
5679,769.0
5680,769.0
5681,763.0
5682,771.0
5683,778.0
5684,725.0
5685,657.0
5686,595.0
5687,564.0
5688,541.0
5689,535.0
5690,537.0
5691,545.0
5692,550.0
5693,594.0
5694,665.0
5695,723.0
5696,762.0
5697,766.0
5698,761.0
5699,759.0
5700,754.0
5701,751.0
5702,752.0
5703,759.0
5704,763.0
5705,773.0
5706,790.0
5707,800.0
5708,724.0
5709,643.0
5710,580.0
5711,547.0
5712,534.0
5713,528.0
5714,539.0
5715,573.0
5716,639.0
5717,761.0
5718,873.0
5719,928.0
5720,944.0
5721,938.0
5722,919.0
5723,953.0
5724,942.0
5725,921.0
5726,900.0
5727,867.0
5728,851.0
5729,838.0
5730,839.0
5731,862.0
5732,784.0
5733,690.0
5734,613.0
5735,580.0
5736,560.0
5737,547.0
5738,553.0
5739,580.0
5740,647.0
5741,764.0
5742,884.0
5743,942.0
5744,947.0
5745,945.0
5746,927.0
5747,955.0
5748,942.0
5749,925.0
5750,901.0
5751,871.0
5752,861.0
5753,847.0
5754,854.0
5755,862.0
5756,777.0
5757,688.0
5758,615.0
5759,579.0
5760,558.0
5761,555.0
5762,559.0
5763,589.0
5764,665.0
5765,777.0
5766,895.0
5767,956.0
5768,967.0
5769,959.0
5770,940.0
5771,972.0
5772,964.0
5773,947.0
5774,927.0
5775,894.0
5776,879.0
5777,856.0
5778,864.0
5779,888.0
5780,794.0
5781,698.0
5782,621.0
5783,585.0
5784,565.0
5785,560.0
5786,567.0
5787,593.0
5788,663.0
5789,784.0
5790,904.0
5791,959.0
5792,973.0
5793,966.0
5794,950.0
5795,972.0
5796,965.0
5797,943.0
5798,927.0
5799,895.0
5800,878.0
5801,856.0
5802,862.0
5803,884.0
5804,799.0
5805,696.0
5806,622.0
5807,578.0
5808,562.0
5809,557.0
5810,561.0
5811,588.0
5812,654.0
5813,766.0
5814,881.0
5815,938.0
5816,949.0
5817,952.0
5818,930.0
5819,955.0
5820,948.0
5821,934.0
5822,913.0
5823,890.0
5824,874.0
5825,861.0
5826,865.0
5827,861.0
5828,780.0
5829,709.0
5830,636.0
5831,603.0
5832,576.0
5833,562.0
5834,563.0
5835,574.0
5836,578.0
5837,634.0
5838,717.0
5839,787.0
5840,804.0
5841,806.0
5842,808.0
5843,802.0
5844,799.0
5845,795.0
5846,788.0
5847,780.0
5848,777.0
5849,769.0
5850,795.0
5851,814.0
5852,739.0
5853,672.0
5854,606.0
5855,564.0
5856,545.0
5857,539.0
5858,540.0
5859,550.0
5860,546.0
5861,600.0
5862,670.0
5863,743.0
5864,776.0
5865,783.0
5866,781.0
5867,777.0
5868,770.0
5869,766.0
5870,765.0
5871,767.0
5872,771.0
5873,769.0
5874,817.0
5875,838.0
5876,745.0
5877,649.0
5878,581.0
5879,550.0
5880,538.0
5881,528.0
5882,535.0
5883,572.0
5884,665.0
5885,797.0
5886,895.0
5887,924.0
5888,928.0
5889,933.0
5890,923.0
5891,963.0
5892,959.0
5893,948.0
5894,933.0
5895,910.0
5896,891.0
5897,873.0
5898,904.0
5899,901.0
5900,798.0
5901,700.0
5902,620.0
5903,584.0
5904,564.0
5905,557.0
5906,565.0
5907,599.0
5908,686.0
5909,811.0
5910,873.0
5911,969.0
5912,978.0
5913,969.0
5914,933.0
5915,962.0
5916,958.0
5917,940.0
5918,922.0
5919,888.0
5920,877.0
5921,855.0
5922,883.0
5923,870.0
5924,778.0
5925,680.0
5926,610.0
5927,571.0
5928,552.0
5929,547.0
5930,555.0
5931,592.0
5932,689.0
5933,820.0
5934,929.0
5935,971.0
5936,976.0
5937,958.0
5938,936.0
5939,966.0
5940,959.0
5941,937.0
5942,920.0
5943,891.0
5944,875.0
5945,861.0
5946,894.0
5947,890.0
5948,790.0
5949,695.0
5950,620.0
5951,578.0
5952,561.0
5953,553.0
5954,557.0
5955,594.0
5956,692.0
5957,820.0
5958,925.0
5959,978.0
5960,983.0
5961,984.0
5962,965.0
5963,992.0
5964,986.0
5965,974.0
5966,955.0
5967,922.0
5968,910.0
5969,886.0
5970,921.0
5971,906.0
5972,807.0
5973,699.0
5974,625.0
5975,586.0
5976,571.0
5977,563.0
5978,570.0
5979,603.0
5980,693.0
5981,817.0
5982,920.0
5983,969.0
5984,974.0
5985,964.0
5986,943.0
5987,969.0
5988,965.0
5989,954.0
5990,925.0
5991,894.0
5992,876.0
5993,849.0
5994,880.0
5995,867.0
5996,779.0
5997,687.0
5998,618.0
5999,577.0
6000,551.0
6001,544.0
6002,545.0
6003,559.0
6004,577.0
6005,622.0
6006,713.0
6007,777.0
6008,802.0
6009,802.0
6010,803.0
6011,805.0
6012,802.0
6013,791.0
6014,777.0
6015,771.0
6016,766.0
6017,765.0
6018,805.0
6019,787.0
6020,724.0
6021,652.0
6022,592.0
6023,559.0
6024,539.0
6025,531.0
6026,528.0
6027,542.0
6028,551.0
6029,592.0
6030,665.0
6031,734.0
6032,772.0
6033,773.0
6034,761.0
6035,756.0
6036,755.0
6037,747.0
6038,738.0
6039,742.0
6040,747.0
6041,755.0
6042,823.0
6043,811.0
6044,718.0
6045,636.0
6046,572.0
6047,544.0
6048,538.0
6049,536.0
6050,543.0
6051,581.0
6052,681.0
6053,803.0
6054,909.0
6055,961.0
6056,964.0
6057,951.0
6058,922.0
6059,949.0
6060,946.0
6061,929.0
6062,909.0
6063,872.0
6064,863.0
6065,851.0
6066,898.0
6067,868.0
6068,766.0
6069,670.0
6070,604.0
6071,582.0
6072,560.0
6073,552.0
6074,563.0
6075,595.0
6076,708.0
6077,825.0
6078,929.0
6079,963.0
6080,960.0
6081,954.0
6082,932.0
6083,958.0
6084,948.0
6085,934.0
6086,922.0
6087,890.0
6088,887.0
6089,890.0
6090,916.0
6091,868.0
6092,770.0
6093,679.0
6094,608.0
6095,576.0
6096,564.0
6097,557.0
6098,563.0
6099,602.0
6100,706.0
6101,816.0
6102,915.0
6103,965.0
6104,959.0
6105,945.0
6106,920.0
6107,944.0
6108,929.0
6109,908.0
6110,895.0
6111,856.0
6112,852.0
6113,852.0
6114,887.0
6115,836.0
6116,747.0
6117,656.0
6118,596.0
6119,567.0
6120,550.0
6121,544.0
6122,557.0
6123,605.0
6124,702.0
6125,814.0
6126,911.0
6127,949.0
6128,953.0
6129,943.0
6130,919.0
6131,948.0
6132,941.0
6133,922.0
6134,905.0
6135,864.0
6136,856.0
6137,850.0
6138,904.0
6139,862.0
6140,767.0
6141,674.0
6142,601.0
6143,571.0
6144,553.0
6145,545.0
6146,555.0
6147,595.0
6148,700.0
6149,810.0
6150,906.0
6151,951.0
6152,952.0
6153,942.0
6154,920.0
6155,941.0
6156,929.0
6157,911.0
6158,883.0
6159,861.0
6160,1049.0
6161,895.0
6162,870.0
6163,837.0
6164,754.0
6165,668.0
6166,614.0
6167,584.0
6168,560.0
6169,549.0
6170,555.0
6171,573.0
6172,593.0
6173,637.0
6174,726.0
6175,779.0
6176,798.0
6177,795.0
6178,793.0
6179,789.0
6180,778.0
6181,770.0
6182,760.0
6183,769.0
6184,777.0
6185,770.0
6186,813.0
6187,772.0
6188,704.0
6189,634.0
6190,580.0
6191,548.0
6192,531.0
6193,527.0
6194,530.0
6195,546.0
6196,563.0
6197,593.0
6198,669.0
6199,732.0
6200,763.0
6201,763.0
6202,752.0
6203,745.0
6204,740.0
6205,733.0
6206,734.0
6207,738.0
6208,747.0
6209,773.0
6210,834.0
6211,794.0
6212,709.0
6213,622.0
6214,559.0
6215,534.0
6216,520.0
6217,518.0
6218,527.0
6219,573.0
6220,680.0
6221,794.0
6222,897.0
6223,945.0
6224,949.0
6225,944.0
6226,916.0
6227,946.0
6228,939.0
6229,934.0
6230,913.0
6231,881.0
6232,879.0
6233,881.0
6234,914.0
6235,853.0
6236,756.0
6237,660.0
6238,592.0
6239,565.0
6240,549.0
6241,544.0
6242,551.0
6243,591.0
6244,703.0
6245,821.0
6246,926.0
6247,969.0
6248,963.0
6249,945.0
6250,922.0
6251,948.0
6252,943.0
6253,924.0
6254,911.0
6255,881.0
6256,875.0
6257,876.0
6258,926.0
6259,872.0
6260,776.0
6261,678.0
6262,608.0
6263,584.0
6264,564.0
6265,563.0
6266,564.0
6267,605.0
6268,710.0
6269,819.0
6270,921.0
6271,962.0
6272,967.0
6273,955.0
6274,936.0
6275,963.0
6276,963.0
6277,955.0
6278,942.0
6279,900.0
6280,887.0
6281,887.0
6282,936.0
6283,874.0
6284,773.0
6285,676.0
6286,615.0
6287,589.0
6288,574.0
6289,563.0
6290,572.0
6291,611.0
6292,713.0
6293,821.0
6294,919.0
6295,963.0
6296,956.0
6297,954.0
6298,939.0
6299,963.0
6300,966.0
6301,948.0
6302,935.0
6303,890.0
6304,881.0
6305,899.0
6306,936.0
6307,875.0
6308,784.0
6309,694.0
6310,625.0
6311,591.0
6312,573.0
6313,560.0
6314,561.0
6315,603.0
6316,711.0
6317,814.0
6318,911.0
6319,962.0
6320,968.0
6321,955.0
6322,932.0
6323,955.0
6324,953.0
6325,940.0
6326,917.0
6327,887.0
6328,873.0
6329,877.0
6330,912.0
6331,855.0
6332,772.0
6333,681.0
6334,615.0
6335,592.0
6336,574.0
6337,567.0
6338,563.0
6339,572.0
6340,607.0
6341,648.0
6342,729.0
6343,792.0
6344,813.0
6345,806.0
6346,789.0
6347,780.0
6348,770.0
6349,758.0
6350,746.0
6351,747.0
6352,750.0
6353,771.0
6354,809.0
6355,764.0
6356,700.0
6357,630.0
6358,570.0
6359,542.0
6360,523.0
6361,518.0
6362,519.0
6363,537.0
6364,560.0
6365,584.0
6366,662.0
6367,724.0
6368,749.0
6369,748.0
6370,747.0
6371,744.0
6372,740.0
6373,731.0
6374,730.0
6375,723.0
6376,725.0
6377,758.0
6378,796.0
6379,759.0
6380,696.0
6381,629.0
6382,573.0
6383,533.0
6384,521.0
6385,520.0
6386,522.0
6387,542.0
6388,595.0
6389,648.0
6390,741.0
6391,811.0
6392,832.0
6393,843.0
6394,827.0
6395,832.0
6396,818.0
6397,804.0
6398,802.0
6399,791.0
6400,799.0
6401,839.0
6402,870.0
6403,822.0
6404,733.0
6405,646.0
6406,577.0
6407,546.0
6408,528.0
6409,519.0
6410,534.0
6411,574.0
6412,704.0
6413,822.0
6414,928.0
6415,982.0
6416,989.0
6417,975.0
6418,946.0
6419,967.0
6420,954.0
6421,937.0
6422,920.0
6423,885.0
6424,887.0
6425,912.0
6426,933.0
6427,876.0
6428,783.0
6429,690.0
6430,622.0
6431,607.0
6432,581.0
6433,572.0
6434,576.0
6435,621.0
6436,735.0
6437,852.0
6438,950.0
6439,1005.0
6440,1007.0
6441,1000.0
6442,982.0
6443,1009.0
6444,1014.0
6445,1017.0
6446,1001.0
6447,966.0
6448,963.0
6449,984.0
6450,972.0
6451,904.0
6452,804.0
6453,703.0
6454,640.0
6455,611.0
6456,590.0
6457,585.0
6458,592.0
6459,628.0
6460,748.0
6461,860.0
6462,960.0
6463,987.7490234375
6464,984.0
6465,975.0
6466,944.0
6467,963.0
6468,953.0
6469,935.0
6470,917.0
6471,890.0
6472,900.0
6473,943.0
6474,953.0
6475,899.0
6476,807.0
6477,716.0
6478,648.0
6479,621.0
6480,605.0
6481,599.0
6482,607.0
6483,653.0
6484,758.0
6485,858.0
6486,936.0
6487,978.0
6488,985.0
6489,973.0
6490,944.0
6491,961.0
6492,947.0
6493,925.0
6494,910.0
6495,882.0
6496,882.0
6497,921.0
6498,925.0
6499,881.0
6500,805.0
6501,729.0
6502,662.0
6503,618.0
6504,596.0
6505,578.0
6506,581.0
6507,595.0
6508,642.0
6509,670.0
6510,759.0
6511,818.0
6512,838.0
6513,833.0
6514,819.0
6515,814.0
6516,797.0
6517,780.0
6518,775.0
6519,773.0
6520,784.0
6521,840.0
6522,860.0
6523,813.0
6524,742.0
6525,675.0
6526,619.0
6527,589.0
6528,569.0
6529,559.0
6530,557.0
6531,571.0
6532,607.0
6533,626.0
6534,697.0
6535,760.0
6536,793.0
6537,798.0
6538,798.0
6539,795.0
6540,793.0
6541,794.0
6542,796.0
6543,811.0
6544,832.0
6545,883.0
6546,889.0
6547,829.0
6548,748.0
6549,661.0
6550,600.0
6551,568.0
6552,559.0
6553,555.0
6554,569.0
6555,616.0
6556,762.0
6557,876.0
6558,979.0
6559,1030.0
6560,1022.0
6561,1003.0
6562,962.0
6563,973.0
6564,971.0
6565,955.0
6566,931.0
6567,903.0
6568,913.0
6569,975.0
6570,977.0
6571,911.0
6572,816.0
6573,721.0
6574,649.0
6575,629.0
6576,600.0
6577,592.0
6578,598.0
6579,628.0
6580,764.0
6581,886.0
6582,991.0
6583,1040.0
6584,1028.0
6585,1012.0
6586,971.0
6587,989.0
6588,981.0
6589,968.0
6590,955.0
6591,928.0
6592,937.0
6593,987.0
6594,983.0
6595,914.0
6596,814.0
6597,720.0
6598,656.0
6599,613.0
6600,595.0
6601,591.0
6602,602.0
6603,658.0
6604,786.0
6605,910.0
6606,1017.0
6607,1075.0
6608,1068.0
6609,1040.0
6610,1011.0
6611,1021.0
6612,1010.0
6613,1003.0
6614,982.0
6615,948.0
6616,948.0
6617,998.0
6618,988.0
6619,935.0
6620,837.0
6621,741.0
6622,668.0
6623,627.0
6624,609.0
6625,600.0
6626,614.0
6627,657.0
6628,784.0
6629,908.0
6630,996.0
6631,1041.0
6632,1050.0
6633,1029.0
6634,991.0
6635,1004.0
6636,988.0
6637,966.0
6638,946.0
6639,910.0
6640,928.0
6641,990.0
6642,985.0
6643,925.0
6644,823.0
6645,738.0
6646,662.0
6647,630.0
6648,603.0
6649,597.0
6650,601.0
6651,640.0
6652,774.0
6653,903.0
6654,991.0
6655,1035.0
6656,1032.0
6657,1010.0
6658,982.0
6659,1000.0
6660,988.0
6661,978.0
6662,957.0
6663,937.0
6664,944.0
6665,976.0
6666,953.0
6667,897.0
6668,815.0
6669,730.0
6670,665.0
6671,620.0
6672,597.0
6673,587.0
6674,591.0
6675,609.0
6676,652.0
6677,700.0
6678,777.0
6679,834.0
6680,845.0
6681,831.0
6682,815.0
6683,812.0
6684,803.0
6685,792.0
6686,789.0
6687,788.0
6688,803.0
6689,871.0
6690,863.0
6691,822.0
6692,757.0
6693,690.0
6694,638.0
6695,602.0
6696,583.0
6697,569.0
6698,570.0
6699,589.0
6700,622.0
6701,652.0
6702,707.0
6703,776.0
6704,813.0
6705,820.0
6706,814.0
6707,817.0
6708,818.0
6709,821.0
6710,831.0
6711,846.0
6712,885.0
6713,924.0
6714,909.0
6715,858.0
6716,773.0
6717,689.0
6718,630.0
6719,597.0
6720,591.0
6721,593.0
6722,603.0
6723,651.0
6724,776.0
6725,899.0
6726,990.0
6727,1047.0
6728,1041.0
6729,1015.0
6730,971.0
6731,983.0
6732,974.0
6733,952.0
6734,936.0
6735,909.0
6736,935.0
6737,980.0
6738,951.0
6739,887.0
6740,792.0
6741,701.0
6742,637.0
6743,605.0
6744,585.0
6745,581.0
6746,597.0
6747,640.0
6748,764.0
6749,893.0
6750,981.0
6751,1029.0
6752,1014.0
6753,993.0
6754,959.0
6755,976.0
6756,965.0
6757,947.0
6758,932.0
6759,899.0
6760,924.0
6761,982.0
6762,959.0
6763,890.0
6764,793.0
6765,704.0
6766,639.0
6767,605.0
6768,596.0
6769,583.0
6770,591.0
6771,630.0
6772,761.0
6773,896.0
6774,983.0
6775,1032.0
6776,1024.0
6777,1008.0
6778,973.0
6779,999.0
6780,990.0
6781,976.0
6782,953.0
6783,920.0
6784,942.0
6785,991.0
6786,963.0
6787,895.0
6788,801.0
6789,712.0
6790,651.0
6791,614.0
6792,603.0
6793,593.0
6794,599.0
6795,643.0
6796,770.0
6797,899.0
6798,981.0
6799,1024.0
6800,1021.0
6801,1007.0
6802,974.0
6803,993.0
6804,980.0
6805,956.0
6806,937.0
6807,905.0
6808,927.0
6809,991.0
6810,967.0
6811,908.0
6812,811.0
6813,720.0
6814,656.0
6815,620.0
6816,607.0
6817,600.0
6818,606.0
6819,647.0
6820,771.0
6821,894.0
6822,979.0
6823,1014.0
6824,1001.0
6825,980.0
6826,938.0
6827,956.0
6828,946.0
6829,922.0
6830,904.0
6831,875.0
6832,902.0
6833,949.0
6834,925.0
6835,864.0
6836,790.0
6837,709.0
6838,644.0
6839,614.0
6840,594.0
6841,581.0
6842,582.0
6843,602.0
6844,647.0
6845,701.0
6846,758.0
6847,819.0
6848,826.0
6849,814.0
6850,805.0
6851,795.0
6852,784.0
6853,774.0
6854,772.0
6855,772.0
6856,807.0
6857,869.0
6858,854.0
6859,809.0
6860,744.0
6861,678.0
6862,631.0
6863,599.0
6864,578.0
6865,569.0
6866,569.0
6867,580.0
6868,621.0
6869,659.0
6870,712.0
6871,784.0
6872,801.0
6873,795.0
6874,782.0
6875,771.0
6876,759.0
6877,756.0
6878,756.0
6879,766.0
6880,816.0
6881,889.0
6882,886.0
6883,826.0
6884,738.0
6885,655.0
6886,602.0
6887,573.0
6888,562.0
6889,554.0
6890,569.0
6891,617.0
6892,750.0
6893,885.0
6894,968.0
6895,1007.0
6896,1001.0
6897,975.0
6898,938.0
6899,875.0
6900,940.0
6901,929.0
6902,906.0
6903,877.0
6904,913.0
6905,963.0
6906,934.0
6907,868.0
6908,776.0
6909,689.0
6910,629.0
6911,596.0
6912,582.0
6913,577.0
6914,594.0
6915,630.0
6916,752.0
6917,891.0
6918,974.0
6919,1014.0
6920,1000.0
6921,979.0
6922,945.0
6923,967.0
6924,944.0
6925,922.0
6926,908.0
6927,885.0
6928,935.0
6929,971.0
6930,941.0
6931,877.0
6932,785.0
6933,701.0
6934,637.0
6935,611.0
6936,593.0
6937,591.0
6938,597.0
6939,645.0
6940,775.0
6941,915.0
6942,992.0
6943,1024.0
6944,1013.0
6945,987.0
6946,949.0
6947,959.0
6948,952.0
6949,933.0
6950,921.0
6951,906.0
6952,956.0
6953,993.0
6954,957.0
6955,906.0
6956,812.0
6957,719.0
6958,655.0
6959,626.0
6960,607.0
6961,598.0
6962,614.0
6963,652.0
6964,781.0
6965,907.0
6966,991.0
6967,1023.0
6968,1012.0
6969,992.0
6970,944.0
6971,964.0
6972,956.0
6973,940.0
6974,919.0
6975,899.0
6976,955.0
6977,983.0
6978,951.0
6979,890.0
6980,804.0
6981,731.0
6982,660.0
6983,628.0
6984,612.0
6985,612.0
6986,618.0
6987,649.0
6988,770.0
6989,914.0
6990,986.0
6991,1023.0
6992,1012.0
6993,994.0
6994,942.0
6995,955.0
6996,940.0
6997,920.0
6998,903.0
6999,893.0
7000,945.0
7001,970.0
7002,935.0
7003,873.0
7004,797.0
7005,727.0
7006,674.0
7007,635.0
7008,614.0
7009,609.0
7010,608.0
7011,635.0
7012,686.0
7013,743.0
7014,802.0
7015,855.0
7016,878.0
7017,870.0
7018,848.0
7019,838.0
7020,822.0
7021,809.0
7022,800.0
7023,810.0
7024,865.0
7025,901.0
7026,878.0
7027,836.0
7028,770.0
7029,706.0
7030,650.0
7031,616.0
7032,602.0
7033,591.0
7034,596.0
7035,613.0
7036,654.0
7037,699.0
7038,746.0
7039,805.0
7040,832.0
7041,825.0
7042,812.0
7043,803.0
7044,796.0
7045,792.0
7046,791.0
7047,804.0
7048,861.0
7049,897.0
7050,879.0
7051,829.0
7052,750.0
7053,674.0
7054,615.0
7055,586.0
7056,571.0
7057,566.0
7058,577.0
7059,618.0
7060,741.0
7061,877.0
7062,988.0
7063,1045.0
7064,1047.0
7065,1043.0
7066,1016.0
7067,1037.0
7068,1045.0
7069,1021.0
7070,992.0
7071,956.0
7072,993.0
7073,989.0
7074,953.0
7075,897.0
7076,798.0
7077,710.0
7078,646.0
7079,610.0
7080,584.0
7081,582.0
7082,582.0
7083,636.0
7084,754.0
7085,889.0
7086,997.0
7087,1052.0
7088,1061.0
7089,1053.0
7090,1020.0
7091,1048.0
7092,1039.0
7093,1028.0
7094,1003.0
7095,980.0
7096,1013.0
7097,995.0
7098,958.0
7099,900.0
7100,807.0
7101,718.0
7102,655.0
7103,629.0
7104,611.0
7105,602.0
7106,611.0
7107,657.0
7108,770.0
7109,906.0
7110,1002.0
7111,1063.0
7112,1074.0
7113,1063.0
7114,1031.0
7115,1041.0
7116,1028.0
7117,1008.0
7118,983.0
7119,967.0
7120,1012.0
7121,1003.0
7122,961.0
7123,898.0
7124,815.0
7125,730.0
7126,662.0
7127,634.0
7128,612.0
7129,606.0
7130,615.0
7131,658.0
7132,771.0
7133,911.0
7134,1010.0
7135,1064.0
7136,1070.0
7137,1056.0
7138,1026.0
7139,1037.0
7140,1030.0
7141,1017.0
7142,997.0
7143,973.0
7144,1024.0
7145,1022.0
7146,987.0
7147,922.0
7148,834.0
7149,750.0
7150,678.0
7151,650.0
7152,632.0
7153,630.0
7154,635.0
7155,675.0
7156,781.0
7157,904.0
7158,1005.0
7159,1048.0
7160,1050.0
7161,1031.0
7162,994.0
7163,1007.0
7164,993.0
7165,969.0
7166,958.0
7167,948.0
7168,1001.0
7169,989.0
7170,951.0
7171,906.0
7172,831.0
7173,748.0
7174,679.0
7175,638.0
7176,617.0
7177,615.0
7178,617.0
7179,633.0
7180,671.0
7181,730.0
7182,789.0
7183,853.0
7184,882.0
7185,887.1176470518112
7186,875.0
7187,876.0
7188,869.0
7189,853.0
7190,839.0
7191,845.0
7192,898.0
7193,901.0
7194,878.0
7195,840.0
7196,765.0
7197,697.0
7198,645.0
7199,617.0
7200,626.2048192771035
7201,612.5164835164833
7202,581.0
7203,591.0
7204,613.0
7205,654.0
7206,691.0
7207,765.0
7208,819.0
7209,835.0
7210,833.0
7211,828.0
7212,821.0
7213,813.0
7214,812.0
7215,834.0
7216,922.0
7217,932.0
7218,911.0
7219,888.0
7220,834.0
7221,752.0
7222,685.0
7223,629.0
7224,604.0
7225,593.0
7226,586.0
7227,601.0
7228,657.0
7229,798.0
7230,926.0
7231,1026.0
7232,1091.0
7233,1106.0
7234,1092.0
7235,1053.0
7236,1065.0
7237,1059.0
7238,1058.0
7239,1059.0
7240,1081.0
7241,1068.0
7242,1028.0
7243,988.0
7244,912.0
7245,820.0
7246,740.0
7247,673.0
7248,647.0
7249,631.0
7250,623.0
7251,639.0
7252,686.0
7253,819.0
7254,945.0
7255,1053.0
7256,1106.0
7257,1106.0
7258,1089.0
7259,1053.0
7260,1077.0
7261,1069.0
7262,1058.0
7263,1062.0
7264,1088.0
7265,1069.0
7266,1030.0
7267,986.0
7268,919.0
7269,823.0
7270,737.0
7271,683.0
7272,655.0
7273,642.0
7274,635.0
7275,647.0
7276,691.0
7277,823.0
7278,952.0
7279,1049.0
7280,1090.0
7281,1071.0
7282,1048.0
7283,1004.0
7284,1026.0
7285,1019.0
7286,1001.0
7287,1005.0
7288,1047.0
7289,1048.0
7290,1012.0
7291,977.0
7292,938.0
7293,838.0
7294,755.0
7295,693.0
7296,662.0
7297,638.0
7298,637.0
7299,645.0
7300,685.0
7301,810.0
7302,932.0
7303,1025.0
7304,1070.0
7305,1062.0
7306,1040.0
7307,1003.0
7308,1028.0
7309,1019.0
7310,1015.0
7311,1025.0
7312,1057.0
7313,1049.0
7314,1003.0
7315,968.0
7316,902.0
7317,815.0
7318,725.0
7319,662.0
7320,637.0
7321,618.0
7322,612.0
7323,624.0
7324,668.0
7325,791.0
7326,922.0
7327,1012.0
7328,1055.0
7329,1050.0
7330,1035.0
7331,999.0
7332,1013.0
7333,1005.0
7334,989.0
7335,1000.0
7336,1034.0
7337,1030.0
7338,981.0
7339,945.0
7340,886.0
7341,820.0
7342,741.0
7343,681.0
7344,616.0
7345,602.0
7346,598.0
7347,601.0
7348,623.0
7349,667.0
7350,708.0
7351,779.0
7352,839.0
7353,867.0
7354,862.0
7355,846.0
7356,835.0
7357,831.0
7358,829.0
7359,844.0
7360,925.0
7361,914.0
7362,884.0
7363,855.0
7364,805.0
7365,735.0
7366,679.0
7367,626.0
7368,599.0
7369,584.0
7370,578.0
7371,581.0
7372,598.0
7373,633.0
7374,660.0
7375,720.0
7376,782.0
7377,812.0
7378,810.0
7379,802.0
7380,797.0
7381,796.0
7382,795.0
7383,827.0
7384,923.0
7385,930.0
7386,905.0
7387,883.0
7388,834.0
7389,756.0
7390,680.0
7391,622.0
7392,592.0
7393,577.0
7394,576.0
7395,590.0
7396,645.0
7397,772.0
7398,917.0
7399,1018.0
7400,1081.0
7401,1077.0
7402,1062.0
7403,1036.0
7404,1057.0
7405,1045.0
7406,1042.0
7407,1058.0
7408,1074.0
7409,1052.0
7410,1009.0
7411,979.0
7412,913.0
7413,814.0
7414,724.0
7415,657.0
7416,630.0
7417,609.0
7418,611.0
7419,620.0
7420,659.0
7421,784.0
7422,920.0
7423,1015.0
7424,1058.0
7425,1063.0
7426,1048.0
7427,1016.0
7428,1032.0
7429,1030.0
7430,1024.0
7431,1041.0
7432,1061.0
7433,1043.0
7434,1004.0
7435,962.0
7436,903.0
7437,809.0
7438,726.0
7439,673.0
7440,626.0
7441,612.0
7442,613.0
7443,617.0
7444,657.0
7445,778.0
7446,918.0
7447,1006.0
7448,1049.0
7449,1052.0
7450,1032.0
7451,1004.0
7452,1029.0
7453,1029.0
7454,1026.0
7455,1046.0
7456,1065.0
7457,1047.0
7458,1005.0
7459,974.0
7460,909.0
7461,823.0
7462,727.0
7463,668.0
7464,631.0
7465,621.0
7466,615.0
7467,630.0
7468,675.0
7469,795.0
7470,935.0
7471,1022.0
7472,1067.0
7473,1068.0
7474,1057.0
7475,1020.0
7476,1049.0
7477,1049.0
7478,1042.0
7479,1066.0
7480,1076.0
7481,1058.0
7482,1017.0
7483,977.0
7484,919.0
7485,843.0
7486,748.0
7487,685.0
7488,646.0
7489,631.0
7490,615.0
7491,629.0
7492,674.0
7493,802.0
7494,943.0
7495,1028.0
7496,1077.0
7497,1070.0
7498,1059.0
7499,1028.0
7500,1040.0
7501,1034.0
7502,1023.0
7503,1050.0
7504,1063.0
7505,1041.0
7506,995.0
7507,957.0
7508,898.0
7509,812.0
7510,738.0
7511,680.0
7512,636.0
7513,614.0
7514,609.0
7515,610.0
7516,630.0
7517,678.0
7518,736.0
7519,799.0
7520,855.0
7521,886.0
7522,896.0
7523,885.0
7524,883.0
7525,885.0
7526,882.0
7527,916.0
7528,954.0
7529,940.0
7530,907.0
7531,880.0
7532,835.0
7533,765.0
7534,703.0
7535,646.0
7536,615.0
7537,594.0
7538,588.0
7539,591.0
7540,607.0
7541,643.0
7542,681.0
7543,723.0
7544,797.0
7545,832.0
7546,842.0
7547,845.0
7548,843.0
7549,843.0
7550,854.0
7551,890.0
7552,931.0
7553,926.0
7554,908.0
7555,886.0
7556,845.0
7557,764.0
7558,700.0
7559,644.0
7560,609.0
7561,599.0
7562,598.0
7563,606.0
7564,648.0
7565,778.0
7566,934.0
7567,1036.0
7568,1095.0
7569,1104.0
7570,1096.0
7571,1067.0
7572,1088.0
7573,1087.0
7574,1087.0
7575,1103.0
7576,1096.0
7577,1076.0
7578,1025.0
7579,981.0
7580,920.0
7581,823.0
7582,741.0
7583,671.0
7584,636.0
7585,611.0
7586,612.0
7587,621.0
7588,664.0
7589,794.0
7590,949.0
7591,1037.0
7592,1098.0
7593,1100.0
7594,1102.0
7595,1072.0
7596,1101.0
7597,1088.0
7598,1089.0
7599,1107.0
7600,1101.0
7601,1079.0
7602,1035.0
7603,996.0
7604,938.0
7605,840.0
7606,750.0
7607,685.0
7608,644.0
7609,624.0
7610,620.0
7611,625.0
7612,666.0
7613,790.0
7614,937.0
7615,1021.0
7616,1070.0
7617,1055.0
7618,1050.0
7619,1014.0
7620,1042.0
7621,1039.0
7622,1030.0
7623,1061.0
7624,1070.0
7625,1060.0
7626,1022.0
7627,982.0
7628,929.0
7629,842.0
7630,748.0
7631,682.0
7632,647.0
7633,633.0
7634,626.0
7635,635.0
7636,678.0
7637,801.0
7638,948.0
7639,1027.0
7640,1072.0
7641,1055.0
7642,1044.0
7643,1018.0
7644,1041.0
7645,1035.0
7646,1039.0
7647,1079.0
7648,1082.0
7649,1068.0
7650,1021.0
7651,983.0
7652,927.0
7653,837.0
7654,747.0
7655,684.0
7656,645.0
7657,626.0
7658,618.0
7659,627.0
7660,667.0
7661,804.0
7662,947.0
7663,1031.0
7664,1075.0
7665,1066.0
7666,1059.0
7667,1025.0
7668,1031.0
7669,1021.0
7670,1017.0
7671,1053.0
7672,1074.0
7673,1056.0
7674,1008.0
7675,974.0
7676,914.0
7677,841.0
7678,765.0
7679,701.0
7680,660.0
7681,646.0
7682,627.0
7683,638.0
7684,659.0
7685,707.0
7686,762.0
7687,817.0
7688,878.0
7689,910.0
7690,919.0
7691,915.0
7692,912.0
7693,921.0
7694,915.0
7695,950.0
7696,979.0
7697,953.0
7698,915.0
7699,889.0
7700,852.0
7701,789.0
7702,726.0
7703,665.0
7704,628.0
7705,607.0
7706,594.0
7707,593.0
7708,615.0
7709,644.0
7710,686.0
7711,716.0
7712,776.0
7713,818.0
7714,832.0
7715,840.0
7716,830.0
7717,818.0
7718,827.0
7719,872.0
7720,893.0
7721,878.0
7722,840.0
7723,810.0
7724,770.0
7725,727.0
7726,689.0
7727,649.0
7728,608.0
7729,589.0
7730,577.0
7731,580.0
7732,606.0
7733,653.0
7734,702.0
7735,749.0
7736,819.0
7737,868.0
7738,881.0
7739,874.0
7740,882.0
7741,877.0
7742,882.0
7743,937.0
7744,973.0
7745,972.0
7746,950.0
7747,922.0
7748,875.0
7749,786.0
7750,712.0
7751,653.0
7752,615.0
7753,600.0
7754,594.0
7755,609.0
7756,657.0
7757,789.0
7758,950.0
7759,1044.0
7760,1108.0
7761,1107.0
7762,1097.0
7763,1068.0
7764,1088.0
7765,1086.0
7766,1091.0
7767,1129.0
7768,1114.0
7769,1093.0
7770,1050.0
7771,1010.0
7772,947.0
7773,854.0
7774,766.0
7775,696.0
7776,663.0
7777,647.0
7778,642.0
7779,651.0
7780,698.0
7781,825.0
7782,970.0
7783,1063.0
7784,1109.0
7785,1106.0
7786,1092.0
7787,1063.0
7788,1089.0
7789,1091.0
7790,1091.0
7791,1122.0
7792,1111.0
7793,1094.0
7794,1050.0
7795,1017.0
7796,953.0
7797,861.0
7798,777.0
7799,707.0
7800,672.0
7801,657.0
7802,651.0
7803,659.0
7804,706.0
7805,833.0
7806,986.0
7807,1075.0
7808,1120.0
7809,1120.0
7810,1110.0
7811,1075.0
7812,1104.0
7813,1105.0
7814,1111.0
7815,1143.0
7816,1125.0
7817,1095.0
7818,1045.0
7819,1008.0
7820,949.0
7821,859.0
7822,777.0
7823,709.0
7824,671.0
7825,652.0
7826,648.0
7827,659.0
7828,701.0
7829,825.0
7830,976.0
7831,1067.0
7832,1120.0
7833,1118.0
7834,1109.0
7835,1072.0
7836,1087.0
7837,1083.0
7838,1083.0
7839,1116.0
7840,1099.0
7841,1080.0
7842,1031.0
7843,1000.0
7844,946.0
7845,868.0
7846,797.0
7847,734.0
7848,689.0
7849,662.0
7850,656.0
7851,656.0
7852,675.0
7853,720.0
7854,798.0
7855,866.0
7856,934.0
7857,970.0
7858,973.0
7859,970.0
7860,964.0
7861,955.0
7862,960.0
7863,1008.0
7864,1013.0
7865,996.0
7866,962.0
7867,931.0
7868,886.0
7869,830.0
7870,758.0
7871,696.0
7872,659.0
7873,642.0
7874,631.0
7875,632.0
7876,646.0
7877,681.0
7878,731.0
7879,774.0
7880,848.0
7881,890.0
7882,899.0
7883,894.0
7884,889.0
7885,886.0
7886,894.0
7887,952.0
7888,985.0
7889,979.0
7890,960.0
7891,945.0
7892,906.0
7893,827.0
7894,753.0
7895,718.0
7896,725.0
7897,748.0
7898,706.0
7899,662.0
7900,713.0
7901,842.0
7902,995.0
7903,1073.0
7904,1125.0
7905,1152.0
7906,1148.0
7907,1107.0
7908,1126.0
7909,1113.0
7910,1116.0
7911,1147.0
7912,1128.0
7913,1104.0
7914,1065.0
7915,1041.0
7916,972.0
7917,884.0
7918,796.0
7919,739.0
7920,702.0
7921,672.0
7922,661.0
7923,673.0
7924,722.0
7925,846.0
7926,995.0
7927,1077.0
7928,1127.0
7929,1123.0
7930,1101.0
7931,1065.0
7932,1089.0
7933,1089.0
7934,1094.0
7935,1145.0
7936,1143.0
7937,1124.0
7938,1083.0
7939,1052.0
7940,1003.0
7941,913.0
7942,825.0
7943,755.0
7944,724.0
7945,702.0
7946,695.0
7947,704.0
7948,746.0
7949,877.0
7950,1038.0
7951,1121.0
7952,1168.0
7953,1172.0
7954,1155.0
7955,1111.0
7956,1128.0
7957,1119.0
7958,1132.0
7959,1192.0
7960,1187.0
7961,1164.0
7962,1122.0
7963,1088.0
7964,1023.0
7965,933.0
7966,838.0
7967,772.0
7968,736.0
7969,720.0
7970,720.0
7971,733.0
7972,782.0
7973,900.0
7974,1064.0
7975,1154.0
7976,1206.0
7977,1206.0
7978,1188.0
7979,1152.0
7980,1170.0
7981,1170.0
7982,1170.0
7983,1218.0
7984,1205.0
7985,1180.0
7986,1133.0
7987,1085.0
7988,1018.0
7989,927.0
7990,838.0
7991,763.0
7992,730.0
7993,707.0
7994,702.0
7995,713.0
7996,758.0
7997,885.0
7998,1036.0
7999,1130.0
8000,1173.0
8001,1168.0
8002,1145.0
8003,1105.0
8004,1129.0
8005,1117.0
8006,1115.0
8007,1169.0
8008,1165.0
8009,1141.0
8010,1091.0
8011,1053.0
8012,984.0
8013,908.0
8014,832.0
8015,761.0
8016,723.0
8017,699.0
8018,696.0
8019,699.0
8020,722.0
8021,769.0
8022,842.0
8023,904.0
8024,971.0
8025,1004.0
8026,1010.0
8027,995.0
8028,989.0
8029,993.0
8030,995.0
8031,1056.0
8032,1069.0
8033,1050.0
8034,1020.0
8035,998.0
8036,949.0
8037,870.0
8038,809.0
8039,747.0
8040,702.0
8041,689.0
8042,677.0
8043,678.0
8044,696.0
8045,737.0
8046,794.0
8047,849.0
8048,912.0
8049,951.0
8050,961.0
8051,962.0
8052,960.0
8053,964.0
8054,972.0
8055,1035.0
8056,1055.0
8057,1047.0
8058,1020.0
8059,989.0
8060,939.0
8061,857.0
8062,782.0
8063,721.0
8064,688.0
8065,672.0
8066,665.0
8067,680.0
8068,732.0
8069,866.0
8070,1028.0
8071,1135.0
8072,1190.0
8073,1191.0
8074,1177.0
8075,1144.0
8076,1170.0
8077,1170.0
8078,1176.0
8079,1212.0
8080,1179.0
8081,1158.0
8082,1108.0
8083,1072.0
8084,1004.0
8085,893.0
8086,806.0
8087,736.0
8088,704.0
8089,681.0
8090,669.0
8091,683.0
8092,720.0
8093,852.0
8094,1018.0
8095,1117.0
8096,1149.0
8097,1149.0
8098,1133.0
8099,1102.0
8100,1125.0
8101,1119.0
8102,1133.0
8103,1170.0
8104,1144.0
8105,1110.0
8106,1065.0
8107,1025.0
8108,951.0
8109,861.0
8110,784.0
8111,717.0
8112,677.0
8113,656.0
8114,653.0
8115,670.0
8116,710.0
8117,841.0
8118,998.0
8119,1099.0
8120,1133.0
8121,1124.0
8122,1105.0
8123,1080.0
8124,1100.0
8125,1102.0
8126,1114.0
8127,1165.0
8128,1156.0
8129,1134.0
8130,1085.0
8131,1049.0
8132,1005.0
8133,893.0
8134,802.0
8135,730.0
8136,695.0
8137,675.0
8138,667.0
8139,682.0
8140,730.0
8141,861.0
8142,1029.0
8143,1125.0
8144,1155.0
8145,1155.0
8146,1150.0
8147,1123.0
8148,1137.0
8149,1129.0
8150,1133.0
8151,1184.0
8152,1158.0
8153,1134.0
8154,1097.0
8155,1060.0
8156,999.0
8157,902.0
8158,812.0
8159,749.0
8160,714.0
8161,694.0
8162,684.0
8163,698.0
8164,744.0
8165,872.0
8166,1029.0
8167,1136.0
8168,1176.0
8169,1175.0
8170,1164.0
8171,1138.0
8172,1151.0
8173,1136.0
8174,1138.0
8175,1179.0
8176,1154.0
8177,1128.0
8178,1076.0
8179,1041.0
8180,985.0
8181,901.0
8182,816.0
8183,749.0
8184,711.0
8185,690.0
8186,679.0
8187,679.0
8188,706.0
8189,750.0
8190,819.0
8191,894.0
8192,941.0
8193,979.0
8194,984.0
8195,976.0
8196,979.0
8197,982.0
8198,982.0
8199,1025.0
8200,1016.0
8201,997.0
8202,968.0
8203,938.0
8204,890.0
8205,826.0
8206,764.0
8207,708.0
8208,666.0
8209,646.0
8210,638.0
8211,642.0
8212,656.0
8213,691.0
8214,743.0
8215,800.0
8216,849.0
8217,898.0
8218,910.0
8219,913.0
8220,909.0
8221,911.0
8222,930.0
8223,987.0
8224,998.0
8225,987.0
8226,966.0
8227,949.0
8228,903.0
8229,828.0
8230,752.0
8231,698.0
8232,664.0
8233,649.0
8234,642.0
8235,653.0
8236,698.0
8237,834.0
8238,992.0
8239,1097.0
8240,1126.0
8241,1133.0
8242,1119.0
8243,1087.0
8244,1104.0
8245,1112.0
8246,1122.0
8247,1165.0
8248,1137.0
8249,1110.0
8250,1066.0
8251,1035.0
8252,979.0
8253,892.0
8254,804.0
8255,733.0
8256,693.0
8257,679.0
8258,674.0
8259,685.0
8260,734.0
8261,862.0
8262,1017.0
8263,1118.0
8264,1158.0
8265,1163.0
8266,1150.0
8267,1125.0
8268,1145.0
8269,1149.0
8270,1153.0
8271,1194.0
8272,1166.0
8273,1146.0
8274,1102.0
8275,1071.0
8276,995.0
8277,904.0
8278,823.0
8279,754.0
8280,703.0
8281,694.0
8282,691.0
8283,704.0
8284,742.0
8285,862.0
8286,1017.0
8287,1124.0
8288,1159.0
8289,1159.0
8290,1144.0
8291,1119.0
8292,1142.0
8293,1149.0
8294,1142.0
8295,1183.0
8296,1154.0
8297,1127.0
8298,1077.0
8299,1053.0
8300,993.0
8301,904.0
8302,821.0
8303,746.0
8304,713.0
8305,698.0
8306,691.0
8307,699.0
8308,744.0
8309,872.0
8310,1030.0
8311,1153.0
8312,1177.0
8313,1182.0
8314,1174.0
8315,1143.0
8316,1163.0
8317,1163.0
8318,1170.0
8319,1205.0
8320,1173.0
8321,1145.0
8322,1109.0
8323,1074.0
8324,1016.0
8325,913.0
8326,834.0
8327,761.0
8328,723.0
8329,700.0
8330,691.0
8331,700.0
8332,743.0
8333,865.0
8334,1027.0
8335,1143.0
8336,1169.0
8337,1172.0
8338,1180.0
8339,1133.0
8340,1125.0
8341,1127.0
8342,1136.0
8343,1179.0
8344,1155.0
8345,1128.0
8346,1081.0
8347,1043.0
8348,995.0
8349,914.0
8350,821.0
8351,757.0
8352,715.0
8353,692.0
8354,683.0
8355,689.0
8356,711.0
8357,758.0
8358,819.0
8359,888.0
8360,948.0
8361,982.0
8362,989.0
8363,981.0
8364,975.0
8365,978.0
8366,990.0
8367,1043.0
8368,1042.0
8369,1019.0
8370,991.0
8371,967.0
8372,920.0
8373,853.0
8374,783.0
8375,733.0
8376,696.0
8377,676.0
8378,667.0
8379,667.0
8380,686.0
8381,719.0
8382,769.0
8383,829.0
8384,879.0
8385,922.0
8386,939.0
8387,945.0
8388,949.0
8389,947.0
8390,971.0
8391,1035.0
8392,1048.0
8393,1043.0
8394,1019.0
8395,998.0
8396,954.0
8397,874.0
8398,801.0
8399,735.0
8400,706.0
8401,690.0
8402,688.0
8403,695.0
8404,744.0
8405,880.0
8406,1037.0
8407,1132.0
8408,1171.0
8409,1181.0
8410,1167.0
8411,1133.0
8412,1144.0
8413,1151.0
8414,1152.0
8415,1196.0
8416,1170.0
8417,1149.0
8418,1102.0
8419,1067.0
8420,1018.0
8421,932.0
8422,843.0
8423,762.0
8424,721.0
8425,702.0
8426,692.0
8427,699.0
8428,741.0
8429,862.0
8430,1021.0
8431,1137.0
8432,1164.0
8433,1159.0
8434,1145.0
8435,1107.0
8436,1139.0
8437,1137.0
8438,1147.0
8439,1194.0
8440,1171.0
8441,1142.0
8442,1095.0
8443,1068.0
8444,1004.0
8445,913.0
8446,826.0
8447,758.0
8448,717.0
8449,703.0
8450,690.0
8451,699.0
8452,749.0
8453,876.0
8454,1038.0
8455,1145.0
8456,1169.0
8457,1169.0
8458,1152.0
8459,1123.0
8460,1136.0
8461,1130.0
8462,1131.0
8463,1182.0
8464,1157.0
8465,1133.0
8466,1092.0
8467,1057.0
8468,1003.0
8469,905.0
8470,820.0
8471,747.0
8472,713.0
8473,693.0
8474,685.0
8475,696.0
8476,737.0
8477,864.0
8478,1022.0
8479,1138.0
8480,1171.0
8481,1172.0
8482,1166.0
8483,1132.0
8484,1152.0
8485,1155.0
8486,1157.0
8487,1196.0
8488,1167.0
8489,1137.0
8490,1094.0
8491,1066.0
8492,1009.0
8493,920.0
8494,837.0
8495,773.0
8496,731.0
8497,713.0
8498,705.0
8499,716.0
8500,760.0
8501,881.0
8502,1031.0
8503,1138.0
8504,1159.0
8505,1156.0
8506,1137.0
8507,1103.0
8508,1112.0
8509,1100.0
8510,1095.0
8511,1145.0
8512,1142.0
8513,1116.0
8514,1077.0
8515,1044.0
8516,988.0
8517,903.0
8518,830.0
8519,764.0
8520,722.0
8521,708.0
8522,695.0
8523,695.0
8524,713.0
8525,764.0
8526,825.0
8527,896.0
8528,934.0
8529,961.0
8530,973.0
8531,958.0
8532,954.0
8533,953.0
8534,966.0
8535,1027.0
8536,1039.0
8537,1021.0
8538,989.0
8539,967.0
8540,920.0
8541,850.0
8542,794.0
8543,729.0
8544,697.0
8545,673.0
8546,657.0
8547,662.0
8548,681.0
8549,722.0
8550,775.0
8551,835.0
8552,888.0
8553,925.0
8554,931.0
8555,923.0
8556,916.0
8557,912.0
8558,923.0
8559,1003.0
8560,1027.0
8561,1016.0
8562,989.0
8563,966.0
8564,928.0
8565,861.0
8566,794.0
8567,740.0
8568,694.0
8569,675.0
8570,667.0
8571,672.0
8572,690.0
8573,719.0
8574,781.0
8575,842.0
8576,883.0
8577,927.0
8578,938.0
8579,936.0
8580,937.0
8581,936.0
8582,946.0
8583,1004.0
8584,1001.0
8585,960.0
8586,901.0
8587,866.0
8588,831.0
8589,795.0
8590,750.0
8591,697.0
8592,677.0
8593,683.0
8594,670.0
8595,670.0
8596,683.0
8597,710.0
8598,749.0
8599,762.0
8600,780.0
8601,821.0
8602,846.0
8603,839.0
8604,829.0
8605,825.0
8606,842.0
8607,902.0
8608,918.0
8609,906.0
8610,883.0
8611,865.0
8612,832.0
8613,778.0
8614,723.0
8615,672.0
8616,640.0
8617,624.0
8618,607.0
8619,602.0
8620,619.0
8621,657.0
8622,710.0
8623,767.0
8624,810.0
8625,854.0
8626,866.0
8627,869.0
8628,864.0
8629,866.0
8630,879.0
8631,936.0
8632,957.0
8633,941.0
8634,916.0
8635,905.0
8636,864.0
8637,796.0
8638,736.0
8639,683.0
8640,638.0
8641,623.0
8642,614.0
8643,620.0
8644,656.0
8645,744.0
8646,861.0
8647,963.0
8648,999.0
8649,1021.0
8650,1016.0
8651,991.0
8652,1001.0
8653,1004.0
8654,1017.0
8655,1068.0
8656,1061.0
8657,1037.0
8658,993.0
8659,962.0
8660,916.0
8661,837.0
8662,765.0
8663,697.0
8664,664.0
8665,643.0
8666,634.0
8667,634.0
8668,668.0
8669,752.0
8670,864.0
8671,958.0
8672,993.0
8673,1007.0
8674,1007.0
8675,983.0
8676,983.0
8677,980.0
8678,984.0
8679,1033.0
8680,1033.0
8681,1007.0
8682,966.0
8683,938.0
8684,894.0
8685,820.0
8686,745.0
8687,689.0
8688,648.0
8689,629.0
8690,621.0
8691,625.0
8692,641.0
8693,684.0
8694,738.0
8695,802.0
8696,846.0
8697,891.0
8698,906.0
8699,902.0
8700,896.0
8701,898.0
8702,914.0
8703,969.0
8704,979.0
8705,956.0
8706,929.0
8707,910.0
8708,863.0
8709,798.0
8710,739.0
8711,678.0
8712,638.0
8713,619.0
8714,604.0
8715,602.0
8716,620.0
8717,653.0
8718,701.0
8719,756.0
8720,797.0
8721,844.0
8722,861.0
8723,860.0
8724,864.0
8725,868.0
8726,885.0
8727,941.0
8728,963.0
8729,946.0
8730,920.0
8731,902.0
8732,865.0
8733,797.0
8734,733.0
8735,677.0
8736,636.0
8737,622.0
8738,619.0
8739,622.0
8740,637.0
8741,674.0
8742,715.0
8743,761.0
8744,805.0
8745,849.0
8746,875.0
8747,888.0
8748,889.0
8749,892.0
8750,910.0
8751,970.0
8752,1001.0
8753,978.0
8754,942.0
8755,881.0
8756,819.0
8757,769.0
8758,731.0
8759,696.0
